Date,Week,Month,Quarter,Year,Region,Origin,Destination,Distance,Commodity,Week Low,Week High,Midpoint,Rate Per Mile,Availability
05/12/2015,19,5,2,2015,California,South District California,ATLANTA,2100,CITRUS AND AVOCADOS,5200,6000,5550,2.64,3
05/12/2015,19,5,2,2015,California,South District California,BALTIMORE,2600,CITRUS AND AVOCADOS,6500,7300,6650,2.56,3
05/12/2015,19,5,2,2015,California,South District California,BOSTON,2900,CITRUS AND AVOCADOS,7200,7800,7350,2.53,3
05/12/2015,19,5,2,2015,California,South District California,CHICAGO,2030,CITRUS AND AVOCADOS,4500,5200,4850,2.39,3
05/12/2015,19,5,2,2015,California,South District California,DALLAS,1300,CITRUS AND AVOCADOS,4000,4200,4100,3.15,3
05/12/2015,19,5,2,2015,California,South District California,MIAMI,2600,CITRUS AND AVOCADOS,6800,7200,7000,2.69,3
05/12/2015,19,5,2,2015,California,South District California,NEW YORK,2700,CITRUS AND AVOCADOS,6800,7800,7250,2.69,3
05/12/2015,19,5,2,2015,California,South District California,PHILADELPHIA,2650,CITRUS AND AVOCADOS,6600,7900,7250,2.74,3
05/12/2015,19,5,2,2015,California,South District California,SEATTLE,1300,CITRUS AND AVOCADOS,3000,3500,3350,2.58,3
05/19/2015,20,5,2,2015,California,South District California,ATLANTA,2100,CITRUS AND AVOCADOS,5200,6100,5550,2.64,3
05/19/2015,20,5,2,2015,California,South District California,BALTIMORE,2600,CITRUS AND AVOCADOS,6700,7700,6900,2.65,3
05/19/2015,20,5,2,2015,California,South District California,BOSTON,2900,CITRUS AND AVOCADOS,7200,8200,7350,2.53,3
05/19/2015,20,5,2,2015,California,South District California,CHICAGO,2030,CITRUS AND AVOCADOS,4500,5200,4850,2.39,3
05/19/2015,20,5,2,2015,California,South District California,DALLAS,1300,CITRUS AND AVOCADOS,3800,4200,3950,3.04,3
05/19/2015,20,5,2,2015,California,South District California,MIAMI,2600,CITRUS AND AVOCADOS,6800,7300,7050,2.71,3
05/19/2015,20,5,2,2015,California,South District California,NEW YORK,2700,CITRUS AND AVOCADOS,7000,8000,7350,2.72,3
05/19/2015,20,5,2,2015,California,South District California,PHILADELPHIA,2650,CITRUS AND AVOCADOS,7000,8000,7400,2.79,3
05/19/2015,20,5,2,2015,California,South District California,SEATTLE,1300,CITRUS AND AVOCADOS,3000,3500,3350,2.58,3
05/26/2015,21,5,2,2015,California,South District California,ATLANTA,2100,CITRUS AND AVOCADOS,5200,6300,5500,2.62,3
05/26/2015,21,5,2,2015,California,South District California,BALTIMORE,2600,CITRUS AND AVOCADOS,6500,7500,6725,2.59,3
05/26/2015,21,5,2,2015,California,South District California,BOSTON,2900,CITRUS AND AVOCADOS,7200,8100,7350,2.53,3
05/26/2015,21,5,2,2015,California,South District California,CHICAGO,2030,CITRUS AND AVOCADOS,4500,5400,4850,2.39,3
05/26/2015,21,5,2,2015,California,South District California,DALLAS,1300,CITRUS AND AVOCADOS,3800,4100,3950,3.04,3
05/26/2015,21,5,2,2015,California,South District California,MIAMI,2600,CITRUS AND AVOCADOS,6800,7700,7250,2.79,3
05/26/2015,21,5,2,2015,California,South District California,NEW YORK,2700,CITRUS AND AVOCADOS,6800,7800,7300,2.70,3
05/26/2015,21,5,2,2015,California,South District California,PHILADELPHIA,2650,CITRUS AND AVOCADOS,7000,8000,7400,2.79,3
05/26/2015,21,5,2,2015,California,South District California,SEATTLE,1300,CITRUS AND AVOCADOS,3000,3500,3250,2.50,3
06/02/2015,22,5,2,2015,California,South District California,ATLANTA,2100,CITRUS AND AVOCADOS,5400,6300,5650,2.69,3
06/02/2015,22,5,2,2015,California,South District California,BALTIMORE,2600,CITRUS AND AVOCADOS,6500,7500,6925,2.66,3
06/02/2015,22,5,2,2015,California,South District California,BOSTON,2900,CITRUS AND AVOCADOS,7800,8400,7850,2.71,3
06/02/2015,22,5,2,2015,California,South District California,CHICAGO,2030,CITRUS AND AVOCADOS,4500,5400,4850,2.39,3
06/02/2015,22,5,2,2015,California,South District California,DALLAS,1300,CITRUS AND AVOCADOS,4000,4300,4200,3.23,3
06/02/2015,22,5,2,2015,California,South District California,MIAMI,2600,CITRUS AND AVOCADOS,6700,7700,7250,2.79,3
06/02/2015,22,5,2,2015,California,South District California,NEW YORK,2700,CITRUS AND AVOCADOS,7300,8200,7500,2.78,3
06/02/2015,22,5,2,2015,California,South District California,PHILADELPHIA,2650,CITRUS AND AVOCADOS,7000,8000,7500,2.83,3
06/02/2015,22,5,2,2015,California,South District California,SEATTLE,1300,CITRUS AND AVOCADOS,3000,3500,3250,2.50,3
06/09/2015,23,6,2,2015,California,South District California,ATLANTA,2100,CITRUS AND AVOCADOS,5400,6500,5650,2.69,3
06/09/2015,23,6,2,2015,California,South District California,BALTIMORE,2600,CITRUS AND AVOCADOS,6700,7700,7000,2.69,3
06/09/2015,23,6,2,2015,California,South District California,BOSTON,2900,CITRUS AND AVOCADOS,7700,8300,7850,2.71,3
06/09/2015,23,6,2,2015,California,South District California,CHICAGO,2030,CITRUS AND AVOCADOS,4550,5550,4900,2.41,3
06/09/2015,23,6,2,2015,California,South District California,DALLAS,1300,CITRUS AND AVOCADOS,4000,4300,4200,3.23,3
06/09/2015,23,6,2,2015,California,South District California,MIAMI,2600,CITRUS AND AVOCADOS,6750,7750,7250,2.79,3
06/09/2015,23,6,2,2015,California,South District California,NEW YORK,2700,CITRUS AND AVOCADOS,7300,7900,7550,2.80,3
06/09/2015,23,6,2,2015,California,South District California,PHILADELPHIA,2650,CITRUS AND AVOCADOS,7000,8000,7550,2.85,3
06/09/2015,23,6,2,2015,California,South District California,SEATTLE,1300,CITRUS AND AVOCADOS,3000,3500,3250,2.50,3
06/16/2015,24,6,2,2015,California,South District California,ATLANTA,2100,CITRUS AND AVOCADOS,5400,6400,5800,2.76,3
06/16/2015,24,6,2,2015,California,South District California,BALTIMORE,2600,CITRUS AND AVOCADOS,7000,7800,7250,2.79,3
06/16/2015,24,6,2,2015,California,South District California,BOSTON,2900,CITRUS AND AVOCADOS,7800,8300,7850,2.71,3
06/16/2015,24,6,2,2015,California,South District California,CHICAGO,2030,CITRUS AND AVOCADOS,5000,5600,5000,2.46,3
06/16/2015,24,6,2,2015,California,South District California,DALLAS,1300,CITRUS AND AVOCADOS,4200,4700,4500,3.46,3
06/16/2015,24,6,2,2015,California,South District California,MIAMI,2600,CITRUS AND AVOCADOS,7200,7500,7200,2.77,3
06/16/2015,24,6,2,2015,California,South District California,NEW YORK,2700,CITRUS AND AVOCADOS,7300,8100,7550,2.80,3
06/16/2015,24,6,2,2015,California,South District California,PHILADELPHIA,2650,CITRUS AND AVOCADOS,7100,8100,7400,2.79,3
06/16/2015,24,6,2,2015,California,South District California,SEATTLE,1300,CITRUS AND AVOCADOS,3000,3500,3250,2.50,3
06/23/2015,25,6,2,2015,California,South District California,ATLANTA,2100,CITRUS AND AVOCADOS,5500,6500,5950,2.83,4
06/23/2015,25,6,2,2015,California,South District California,BALTIMORE,2600,CITRUS AND AVOCADOS,7000,7800,7350,2.83,4
06/23/2015,25,6,2,2015,California,South District California,BOSTON,2900,CITRUS AND AVOCADOS,8200,9000,8500,2.93,4
06/23/2015,25,6,2,2015,California,South District California,CHICAGO,2030,CITRUS AND AVOCADOS,5000,5600,5250,2.59,4
06/23/2015,25,6,2,2015,California,South District California,DALLAS,1300,CITRUS AND AVOCADOS,4200,4800,4550,3.50,4
06/23/2015,25,6,2,2015,California,South District California,MIAMI,2600,CITRUS AND AVOCADOS,7200,7600,7500,2.88,4
06/23/2015,25,6,2,2015,California,South District California,NEW YORK,2700,CITRUS AND AVOCADOS,7700,8200,7850,2.91,4
06/23/2015,25,6,2,2015,California,South District California,PHILADELPHIA,2650,CITRUS AND AVOCADOS,7400,8000,7550,2.85,4
06/23/2015,25,6,2,2015,California,South District California,SEATTLE,1300,CITRUS AND AVOCADOS,3200,3800,3500,2.69,4
06/30/2015,26,6,2,2015,California,South District California,ATLANTA,2100,CITRUS AND AVOCADOS,5400,6400,5850,2.79,3
06/30/2015,26,6,2,2015,California,South District California,BALTIMORE,2600,CITRUS AND AVOCADOS,6900,7700,7050,2.71,3
06/30/2015,26,6,2,2015,California,South District California,BOSTON,2900,CITRUS AND AVOCADOS,7800,8500,8150,2.81,3
06/30/2015,26,6,2,2015,California,South District California,CHICAGO,2030,CITRUS AND AVOCADOS,4800,5600,5150,2.54,3
06/30/2015,26,6,2,2015,California,South District California,DALLAS,1300,CITRUS AND AVOCADOS,4200,4700,4550,3.50,3
06/30/2015,26,6,2,2015,California,South District California,MIAMI,2600,CITRUS AND AVOCADOS,7500,7800,7650,2.94,3
06/30/2015,26,6,2,2015,California,South District California,NEW YORK,2700,CITRUS AND AVOCADOS,7300,8200,7750,2.87,3
06/30/2015,26,6,2,2015,California,South District California,PHILADELPHIA,2650,CITRUS AND AVOCADOS,7000,8000,7250,2.74,3
06/30/2015,26,6,2,2015,California,South District California,SEATTLE,1300,CITRUS AND AVOCADOS,3200,3800,3500,2.69,3
07/07/2015,27,7,3,2015,California,South District California,ATLANTA,2100,CITRUS AND AVOCADOS,5600,6500,5950,2.83,3
07/07/2015,27,7,3,2015,California,South District California,BALTIMORE,2600,CITRUS AND AVOCADOS,6600,7600,6850,2.63,3
07/07/2015,27,7,3,2015,California,South District California,BOSTON,2900,CITRUS AND AVOCADOS,7800,8500,8250,2.84,3
07/07/2015,27,7,3,2015,California,South District California,CHICAGO,2030,CITRUS AND AVOCADOS,4800,5600,5150,2.54,3
07/07/2015,27,7,3,2015,California,South District California,DALLAS,1300,CITRUS AND AVOCADOS,4200,4700,4550,3.50,3
07/07/2015,27,7,3,2015,California,South District California,MIAMI,2600,CITRUS AND AVOCADOS,7500,8000,7650,2.94,3
07/07/2015,27,7,3,2015,California,South District California,NEW YORK,2700,CITRUS AND AVOCADOS,7500,8200,7850,2.91,3
07/07/2015,27,7,3,2015,California,South District California,PHILADELPHIA,2650,CITRUS AND AVOCADOS,7000,8000,7350,2.77,3
07/07/2015,27,7,3,2015,California,South District California,SEATTLE,1300,CITRUS AND AVOCADOS,3150,3800,3475,2.67,3
07/14/2015,28,7,3,2015,California,South District California,ATLANTA,2100,CITRUS AND AVOCADOS,5800,6400,6000,2.86,2
07/14/2015,28,7,3,2015,California,South District California,BALTIMORE,2600,CITRUS AND AVOCADOS,7000,7400,7100,2.73,2
07/14/2015,28,7,3,2015,California,South District California,BOSTON,2900,CITRUS AND AVOCADOS,7200,8200,8100,2.79,2
07/14/2015,28,7,3,2015,California,South District California,CHICAGO,2030,CITRUS AND AVOCADOS,4700,5400,4750,2.34,2
07/14/2015,28,7,3,2015,California,South District California,DALLAS,1300,CITRUS AND AVOCADOS,4200,4600,4450,3.42,2
07/14/2015,28,7,3,2015,California,South District California,MIAMI,2600,CITRUS AND AVOCADOS,7000,7200,7200,2.77,2
07/14/2015,28,7,3,2015,California,South District California,NEW YORK,2700,CITRUS AND AVOCADOS,6600,7600,7550,2.80,2
07/14/2015,28,7,3,2015,California,South District California,PHILADELPHIA,2650,CITRUS AND AVOCADOS,6450,7450,7300,2.75,2
07/14/2015,28,7,3,2015,California,South District California,SEATTLE,1300,CITRUS AND AVOCADOS,3200,3800,3650,2.81,2
07/21/2015,29,7,3,2015,California,South District California,ATLANTA,2100,CITRUS AND AVOCADOS,5800,6000,5900,2.81,2
07/21/2015,29,7,3,2015,California,South District California,BALTIMORE,2600,CITRUS AND AVOCADOS,6500,7400,6950,2.67,2
07/21/2015,29,7,3,2015,California,South District California,BOSTON,2900,CITRUS AND AVOCADOS,7000,8000,7850,2.71,2
07/21/2015,29,7,3,2015,California,South District California,CHICAGO,2030,CITRUS AND AVOCADOS,4500,5000,4688,2.31,2
07/21/2015,29,7,3,2015,California,South District California,DALLAS,1300,CITRUS AND AVOCADOS,4200,4600,4350,3.35,2
07/21/2015,29,7,3,2015,California,South District California,MIAMI,2600,CITRUS AND AVOCADOS,7000,7200,7100,2.73,2
07/21/2015,29,7,3,2015,California,South District California,NEW YORK,2700,CITRUS AND AVOCADOS,6600,7600,7500,2.78,2
07/21/2015,29,7,3,2015,California,South District California,PHILADELPHIA,2650,CITRUS AND AVOCADOS,6450,7450,7300,2.75,2
07/21/2015,29,7,3,2015,California,South District California,SEATTLE,1300,CITRUS AND AVOCADOS,3200,3500,3500,2.69,2
07/28/2015,30,7,3,2015,California,South District California,ATLANTA,2100,CITRUS AND AVOCADOS,5800,6000,5900,2.81,2
07/28/2015,30,7,3,2015,California,South District California,BALTIMORE,2600,CITRUS AND AVOCADOS,6400,7400,6850,2.63,2
07/28/2015,30,7,3,2015,California,South District California,BOSTON,2900,CITRUS AND AVOCADOS,7000,8000,7850,2.71,2
07/28/2015,30,7,3,2015,California,South District California,CHICAGO,2030,CITRUS AND AVOCADOS,4500,5000,4600,2.27,2
07/28/2015,30,7,3,2015,California,South District California,DALLAS,1300,CITRUS AND AVOCADOS,4200,4600,4350,3.35,2
07/28/2015,30,7,3,2015,California,South District California,MIAMI,2600,CITRUS AND AVOCADOS,7000,8000,7450,2.87,2
07/28/2015,30,7,3,2015,California,South District California,NEW YORK,2700,CITRUS AND AVOCADOS,7000,8000,7700,2.85,2
07/28/2015,30,7,3,2015,California,South District California,PHILADELPHIA,2650,CITRUS AND AVOCADOS,6400,7400,7300,2.75,2
07/28/2015,30,7,3,2015,California,South District California,SEATTLE,1300,CITRUS AND AVOCADOS,3200,3500,3500,2.69,2
08/04/2015,31,8,3,2015,California,South District California,CHICAGO,2030,CITRUS AND AVOCADOS,4600,4900,4750,2.34,2
08/04/2015,31,8,3,2015,California,South District California,ATLANTA,2100,CITRUS AND AVOCADOS,5000,6000,5600,2.67,2
08/04/2015,31,8,3,2015,California,South District California,BALTIMORE,2600,CITRUS AND AVOCADOS,6200,7200,6700,2.58,2
08/04/2015,31,8,3,2015,California,South District California,BOSTON,2900,CITRUS AND AVOCADOS,7000,8000,7900,2.72,2
08/04/2015,31,8,3,2015,California,South District California,DALLAS,1300,CITRUS AND AVOCADOS,4500,4600,4500,3.46,2
08/04/2015,31,8,3,2015,California,South District California,MIAMI,2600,CITRUS AND AVOCADOS,6400,7000,6850,2.63,2
08/04/2015,31,8,3,2015,California,South District California,NEW YORK,2700,CITRUS AND AVOCADOS,6600,7600,7450,2.76,2
08/04/2015,31,8,3,2015,California,South District California,PHILADELPHIA,2650,CITRUS AND AVOCADOS,6300,7300,7000,2.64,2
08/04/2015,31,8,3,2015,California,South District California,SEATTLE,1300,CITRUS AND AVOCADOS,2600,3500,2900,2.23,2
08/11/2015,32,8,3,2015,California,South District California,ATLANTA,2100,CITRUS AND AVOCADOS,5200,6000,5650,2.69,2
08/11/2015,32,8,3,2015,California,South District California,BALTIMORE,2600,CITRUS AND AVOCADOS,6200,7200,6700,2.58,2
08/11/2015,32,8,3,2015,California,South District California,BOSTON,2900,CITRUS AND AVOCADOS,7000,8000,7900,2.72,2
08/11/2015,32,8,3,2015,California,South District California,CHICAGO,2030,CITRUS AND AVOCADOS,4200,4900,4675,2.30,2
08/11/2015,32,8,3,2015,California,South District California,DALLAS,1300,CITRUS AND AVOCADOS,3600,4600,4250,3.27,2
08/11/2015,32,8,3,2015,California,South District California,MIAMI,2600,CITRUS AND AVOCADOS,6400,7000,6750,2.60,2
08/11/2015,32,8,3,2015,California,South District California,NEW YORK,2700,CITRUS AND AVOCADOS,6600,7600,7450,2.76,2
08/11/2015,32,8,3,2015,California,South District California,PHILADELPHIA,2650,CITRUS AND AVOCADOS,6100,7100,7000,2.64,2
08/11/2015,32,8,3,2015,California,South District California,SEATTLE,1300,CITRUS AND AVOCADOS,2400,3500,2875,2.21,2
08/18/2015,33,8,3,2015,California,South District California,ATLANTA,2100,CITRUS AND AVOCADOS,5500,6000,5700,2.71,2
08/18/2015,33,8,3,2015,California,South District California,BALTIMORE,2600,CITRUS AND AVOCADOS,6200,7200,6600,2.54,2
08/18/2015,33,8,3,2015,California,South District California,BOSTON,2900,CITRUS AND AVOCADOS,6500,7500,7250,2.50,2
08/18/2015,33,8,3,2015,California,South District California,CHICAGO,2030,CITRUS AND AVOCADOS,4600,4800,4650,2.29,2
08/18/2015,33,8,3,2015,California,South District California,DALLAS,1300,CITRUS AND AVOCADOS,4500,4600,4500,3.46,2
08/18/2015,33,8,3,2015,California,South District California,MIAMI,2600,CITRUS AND AVOCADOS,6400,7000,6850,2.63,2
08/18/2015,33,8,3,2015,California,South District California,NEW YORK,2700,CITRUS AND AVOCADOS,6500,7500,7450,2.76,2
08/18/2015,33,8,3,2015,California,South District California,PHILADELPHIA,2650,CITRUS AND AVOCADOS,6200,7200,7100,2.68,2
08/18/2015,33,8,3,2015,California,South District California,SEATTLE,1300,CITRUS AND AVOCADOS,2400,3500,2875,2.21,2
08/25/2015,34,8,3,2015,California,South District California,ATLANTA,2100,CITRUS AND AVOCADOS,4700,5600,5350,2.55,2
08/25/2015,34,8,3,2015,California,South District California,BALTIMORE,2600,CITRUS AND AVOCADOS,6000,6800,6150,2.37,2
08/25/2015,34,8,3,2015,California,South District California,BOSTON,2900,CITRUS AND AVOCADOS,6250,7250,7125,2.46,2
08/25/2015,34,8,3,2015,California,South District California,CHICAGO,2030,CITRUS AND AVOCADOS,4300,4500,4500,2.22,2
08/25/2015,34,8,3,2015,California,South District California,DALLAS,1300,CITRUS AND AVOCADOS,4200,4600,4400,3.38,2
08/25/2015,34,8,3,2015,California,South District California,MIAMI,2600,CITRUS AND AVOCADOS,6100,6800,6550,2.52,2
08/25/2015,34,8,3,2015,California,South District California,NEW YORK,2700,CITRUS AND AVOCADOS,6500,7500,7300,2.70,2
08/25/2015,34,8,3,2015,California,South District California,PHILADELPHIA,2650,CITRUS AND AVOCADOS,6000,6800,6450,2.43,2
08/25/2015,34,8,3,2015,California,South District California,SEATTLE,1300,CITRUS AND AVOCADOS,2800,3500,3150,2.42,2
09/01/2015,35,8,3,2015,California,South District California,ATLANTA,2100,CITRUS AND AVOCADOS,4800,5800,5350,2.55,2
09/01/2015,35,8,3,2015,California,South District California,BALTIMORE,2600,CITRUS AND AVOCADOS,5900,6800,6300,2.42,2
09/01/2015,35,8,3,2015,California,South District California,BOSTON,2900,CITRUS AND AVOCADOS,6250,7250,7125,2.46,2
09/01/2015,35,8,3,2015,California,South District California,CHICAGO,2030,CITRUS AND AVOCADOS,4300,4800,4600,2.27,2
09/01/2015,35,8,3,2015,California,South District California,DALLAS,1300,CITRUS AND AVOCADOS,4200,4600,4400,3.38,2
09/01/2015,35,8,3,2015,California,South District California,MIAMI,2600,CITRUS AND AVOCADOS,6100,7000,6600,2.54,2
09/01/2015,35,8,3,2015,California,South District California,NEW YORK,2700,CITRUS AND AVOCADOS,6500,7500,7300,2.70,2
09/01/2015,35,8,3,2015,California,South District California,PHILADELPHIA,2650,CITRUS AND AVOCADOS,5900,6900,6500,2.45,2
09/01/2015,35,8,3,2015,California,South District California,SEATTLE,1300,CITRUS AND AVOCADOS,2800,3500,3150,2.42,2
09/08/2015,36,9,3,2015,California,South District California,ATLANTA,2100,CITRUS AND AVOCADOS,4700,5600,5250,2.50,2
09/08/2015,36,9,3,2015,California,South District California,BALTIMORE,2600,CITRUS AND AVOCADOS,6000,6800,6350,2.44,2
09/08/2015,36,9,3,2015,California,South District California,BOSTON,2900,CITRUS AND AVOCADOS,6250,7250,7125,2.46,2
09/08/2015,36,9,3,2015,California,South District California,CHICAGO,2030,CITRUS AND AVOCADOS,4300,4800,4600,2.27,2
09/08/2015,36,9,3,2015,California,South District California,DALLAS,1300,CITRUS AND AVOCADOS,4200,4700,4450,3.42,2
09/08/2015,36,9,3,2015,California,South District California,MIAMI,2600,CITRUS AND AVOCADOS,6100,7000,6600,2.54,2
09/08/2015,36,9,3,2015,California,South District California,NEW YORK,2700,CITRUS AND AVOCADOS,6500,7500,7150,2.65,2
09/08/2015,36,9,3,2015,California,South District California,PHILADELPHIA,2650,CITRUS AND AVOCADOS,5900,6900,6600,2.49,2
09/08/2015,36,9,3,2015,California,South District California,SEATTLE,1300,CITRUS AND AVOCADOS,2800,3500,3150,2.42,2
09/15/2015,37,9,3,2015,California,South District California,ATLANTA,2100,CITRUS AND AVOCADOS,4750,5850,5250,2.50,3
09/15/2015,37,9,3,2015,California,South District California,BALTIMORE,2600,CITRUS AND AVOCADOS,5900,6700,6050,2.33,3
09/15/2015,37,9,3,2015,California,South District California,BOSTON,2900,CITRUS AND AVOCADOS,6250,7250,7050,2.43,3
09/15/2015,37,9,3,2015,California,South District California,CHICAGO,2030,CITRUS AND AVOCADOS,4300,4500,4500,2.22,3
09/15/2015,37,9,3,2015,California,South District California,DALLAS,1300,CITRUS AND AVOCADOS,4200,4600,4250,3.27,3
09/15/2015,37,9,3,2015,California,South District California,MIAMI,2600,CITRUS AND AVOCADOS,6100,6800,6800,2.62,3
09/15/2015,37,9,3,2015,California,South District California,NEW YORK,2700,CITRUS AND AVOCADOS,6100,7000,6650,2.46,3
09/15/2015,37,9,3,2015,California,South District California,PHILADELPHIA,2650,CITRUS AND AVOCADOS,5900,6900,6500,2.45,3
09/15/2015,37,9,3,2015,California,South District California,SEATTLE,1300,CITRUS AND AVOCADOS,3100,3500,3300,2.54,3
05/10/2016,19,5,2,2016,California,South District California,ATLANTA,2100,"CITRUS,AVOCADOS",5300,5500,5400,2.57,3
05/10/2016,19,5,2,2016,California,South District California,BALTIMORE,2600,"CITRUS,AVOCADOS",5800,6200,6050,2.33,3
05/10/2016,19,5,2,2016,California,South District California,BOSTON,2900,"CITRUS,AVOCADOS",6600,7200,6800,2.34,3
05/10/2016,19,5,2,2016,California,South District California,CHICAGO,2030,"CITRUS,AVOCADOS",4400,4800,4600,2.27,3
05/10/2016,19,5,2,2016,California,South District California,DALLAS,1300,"CITRUS,AVOCADOS",3500,4300,3700,2.85,3
05/10/2016,19,5,2,2016,California,South District California,MIAMI,2600,"CITRUS,AVOCADOS",6300,7000,6600,2.54,3
05/10/2016,19,5,2,2016,California,South District California,NEW YORK,2700,"CITRUS,AVOCADOS",6300,7000,6450,2.39,3
05/10/2016,19,5,2,2016,California,South District California,PHILADELPHIA,2650,"CITRUS,AVOCADOS",6100,6700,6300,2.38,3
05/10/2016,19,5,2,2016,California,South District California,SEATTLE,1300,"CITRUS,AVOCADOS",2800,3500,3000,2.31,3
05/17/2016,20,5,2,2016,California,South District California,ATLANTA,2100,"CITRUS,AVOCADOS",5200,5500,5400,2.57,3
05/17/2016,20,5,2,2016,California,South District California,BALTIMORE,2600,"CITRUS,AVOCADOS",5800,6200,6100,2.35,3
05/17/2016,20,5,2,2016,California,South District California,BOSTON,2900,"CITRUS,AVOCADOS",6800,7400,7050,2.43,3
05/17/2016,20,5,2,2016,California,South District California,CHICAGO,2030,"CITRUS,AVOCADOS",4200,4800,4600,2.27,3
05/17/2016,20,5,2,2016,California,South District California,DALLAS,1300,"CITRUS,AVOCADOS",3500,4300,3700,2.85,3
05/17/2016,20,5,2,2016,California,South District California,MIAMI,2600,"CITRUS,AVOCADOS",6400,7000,6600,2.54,3
05/17/2016,20,5,2,2016,California,South District California,NEW YORK,2700,"CITRUS,AVOCADOS",6300,7100,6550,2.43,3
05/17/2016,20,5,2,2016,California,South District California,PHILADELPHIA,2650,"CITRUS,AVOCADOS",6100,6900,6450,2.43,3
05/17/2016,20,5,2,2016,California,South District California,SEATTLE,1300,"CITRUS,AVOCADOS",2800,3500,3000,2.31,3
05/24/2016,21,5,2,2016,California,South District California,ATLANTA,2100,"CITRUS,AVOCADOS",5400,5700,5600,2.67,3
05/24/2016,21,5,2,2016,California,South District California,BALTIMORE,2600,"CITRUS,AVOCADOS",5800,6500,6250,2.40,3
05/24/2016,21,5,2,2016,California,South District California,BOSTON,2900,"CITRUS,AVOCADOS",6800,7400,7050,2.43,3
05/24/2016,21,5,2,2016,California,South District California,CHICAGO,2030,"CITRUS,AVOCADOS",4200,4900,4700,2.32,3
05/24/2016,21,5,2,2016,California,South District California,DALLAS,1300,"CITRUS,AVOCADOS",3500,4300,3700,2.85,3
05/24/2016,21,5,2,2016,California,South District California,MIAMI,2600,"CITRUS,AVOCADOS",6400,7000,6700,2.58,3
05/24/2016,21,5,2,2016,California,South District California,NEW YORK,2700,"CITRUS,AVOCADOS",6300,7000,6650,2.46,3
05/24/2016,21,5,2,2016,California,South District California,PHILADELPHIA,2650,"CITRUS,AVOCADOS",6200,6700,6450,2.43,3
05/24/2016,21,5,2,2016,California,South District California,SEATTLE,1300,"CITRUS,AVOCADOS",2800,3500,3000,2.31,3
05/31/2016,22,5,2,2016,California,South District California,ATLANTA,2100,"CITRUS,AVOCADOS",5700,6100,5900,2.81,3
05/31/2016,22,5,2,2016,California,South District California,BALTIMORE,2600,"CITRUS,AVOCADOS",6200,6800,6400,2.46,3
05/31/2016,22,5,2,2016,California,South District California,BOSTON,2900,"CITRUS,AVOCADOS",7000,7500,7200,2.48,3
05/31/2016,22,5,2,2016,California,South District California,CHICAGO,2030,"CITRUS,AVOCADOS",4600,5200,4900,2.41,3
05/31/2016,22,5,2,2016,California,South District California,DALLAS,1300,"CITRUS,AVOCADOS",3700,4500,3800,2.92,3
05/31/2016,22,5,2,2016,California,South District California,MIAMI,2600,"CITRUS,AVOCADOS",6600,7000,6800,2.62,3
05/31/2016,22,5,2,2016,California,South District California,NEW YORK,2700,"CITRUS,AVOCADOS",6500,7200,6800,2.52,3
05/31/2016,22,5,2,2016,California,South District California,PHILADELPHIA,2650,"CITRUS,AVOCADOS",6400,7000,6700,2.53,3
05/31/2016,22,5,2,2016,California,South District California,SEATTLE,1300,"CITRUS,AVOCADOS",2800,3500,3000,2.31,3
06/07/2016,23,6,2,2016,California,South District California,ATLANTA,2100,"CITRUS,AVOCADOS",5900,6100,5950,2.83,3
06/07/2016,23,6,2,2016,California,South District California,BALTIMORE,2600,"CITRUS,AVOCADOS",6600,7200,6850,2.63,3
06/07/2016,23,6,2,2016,California,South District California,BOSTON,2900,"CITRUS,AVOCADOS",7000,7500,7200,2.48,3
06/07/2016,23,6,2,2016,California,South District California,CHICAGO,2030,"CITRUS,AVOCADOS",4700,5200,4900,2.41,3
06/07/2016,23,6,2,2016,California,South District California,DALLAS,1300,"CITRUS,AVOCADOS",3900,4500,4100,3.15,3
06/07/2016,23,6,2,2016,California,South District California,MIAMI,2600,"CITRUS,AVOCADOS",6700,7100,6900,2.65,3
06/07/2016,23,6,2,2016,California,South District California,NEW YORK,2700,"CITRUS,AVOCADOS",6600,7200,6800,2.52,3
06/07/2016,23,6,2,2016,California,South District California,PHILADELPHIA,2650,"CITRUS,AVOCADOS",6500,7000,6700,2.53,3
06/07/2016,23,6,2,2016,California,South District California,SEATTLE,1300,"CITRUS,AVOCADOS",2800,3500,3000,2.31,3
06/14/2016,24,6,2,2016,California,South District California,ATLANTA,2100,"CITRUS,AVOCADOS",5700,6100,5950,2.83,3
06/14/2016,24,6,2,2016,California,South District California,BALTIMORE,2600,"CITRUS,AVOCADOS",6600,7200,6850,2.63,3
06/14/2016,24,6,2,2016,California,South District California,BOSTON,2900,"CITRUS,AVOCADOS",7000,7500,7300,2.52,3
06/14/2016,24,6,2,2016,California,South District California,CHICAGO,2030,"CITRUS,AVOCADOS",4700,5200,5000,2.46,3
06/14/2016,24,6,2,2016,California,South District California,DALLAS,1300,"CITRUS,AVOCADOS",3900,4500,4100,3.15,3
06/14/2016,24,6,2,2016,California,South District California,MIAMI,2600,"CITRUS,AVOCADOS",6700,7100,6900,2.65,3
06/14/2016,24,6,2,2016,California,South District California,NEW YORK,2700,"CITRUS,AVOCADOS",6600,7300,6800,2.52,3
06/14/2016,24,6,2,2016,California,South District California,PHILADELPHIA,2650,"CITRUS,AVOCADOS",6600,7200,6800,2.57,3
06/14/2016,24,6,2,2016,California,South District California,SEATTLE,1300,"CITRUS,AVOCADOS",2800,3500,3000,2.31,3
06/21/2016,25,6,2,2016,California,South District California,ATLANTA,2100,"CITRUS,AVOCADOS",5000,6100,5450,2.60,3
06/21/2016,25,6,2,2016,California,South District California,BALTIMORE,2600,"CITRUS,AVOCADOS",6300,6800,6400,2.46,3
06/21/2016,25,6,2,2016,California,South District California,BOSTON,2900,"CITRUS,AVOCADOS",7300,7500,7400,2.55,3
06/21/2016,25,6,2,2016,California,South District California,CHICAGO,2030,"CITRUS,AVOCADOS",5000,5200,5100,2.51,3
06/21/2016,25,6,2,2016,California,South District California,DALLAS,1300,"CITRUS,AVOCADOS",3100,4500,3800,2.92,3
06/21/2016,25,6,2,2016,California,South District California,MIAMI,2600,"CITRUS,AVOCADOS",6300,7500,6650,2.56,3
06/21/2016,25,6,2,2016,California,South District California,NEW YORK,2700,"CITRUS,AVOCADOS",6900,7300,7100,2.63,3
06/21/2016,25,6,2,2016,California,South District California,PHILADELPHIA,2650,"CITRUS,AVOCADOS",6500,7200,6700,2.53,3
06/21/2016,25,6,2,2016,California,South District California,SEATTLE,1300,"CITRUS,AVOCADOS",3000,4200,3550,2.73,3
06/28/2016,26,6,2,2016,California,South District California,ATLANTA,2100,"CITRUS,AVOCADOS",5300,6100,5700,2.71,3
06/28/2016,26,6,2,2016,California,South District California,BALTIMORE,2600,"CITRUS,AVOCADOS",6400,6800,6650,2.56,3
06/28/2016,26,6,2,2016,California,South District California,BOSTON,2900,"CITRUS,AVOCADOS",7200,7500,7400,2.55,3
06/28/2016,26,6,2,2016,California,South District California,CHICAGO,2030,"CITRUS,AVOCADOS",4500,5200,4900,2.41,3
06/28/2016,26,6,2,2016,California,South District California,DALLAS,1300,"CITRUS,AVOCADOS",3600,4500,4000,3.08,3
06/28/2016,26,6,2,2016,California,South District California,MIAMI,2600,"CITRUS,AVOCADOS",6500,7200,6850,2.63,3
06/28/2016,26,6,2,2016,California,South District California,NEW YORK,2700,"CITRUS,AVOCADOS",6800,7300,7100,2.63,3
06/28/2016,26,6,2,2016,California,South District California,PHILADELPHIA,2650,"CITRUS,AVOCADOS",6600,7200,6800,2.57,3
06/28/2016,26,6,2,2016,California,South District California,SEATTLE,1300,"CITRUS,AVOCADOS",2900,4000,3400,2.62,3
07/05/2016,27,7,3,2016,California,South District California,ATLANTA,2100,"CITRUS,AVOCADOS",5400,6100,5700,2.71,3
07/05/2016,27,7,3,2016,California,South District California,BALTIMORE,2600,"CITRUS,AVOCADOS",6400,6800,6650,2.56,3
07/05/2016,27,7,3,2016,California,South District California,BOSTON,2900,"CITRUS,AVOCADOS",7200,7500,7400,2.55,3
07/05/2016,27,7,3,2016,California,South District California,CHICAGO,2030,"CITRUS,AVOCADOS",4500,5200,4900,2.41,3
07/05/2016,27,7,3,2016,California,South District California,DALLAS,1300,"CITRUS,AVOCADOS",3700,4500,4000,3.08,3
07/05/2016,27,7,3,2016,California,South District California,MIAMI,2600,"CITRUS,AVOCADOS",6500,7200,6850,2.63,3
07/05/2016,27,7,3,2016,California,South District California,NEW YORK,2700,"CITRUS,AVOCADOS",6800,7300,7100,2.63,3
07/05/2016,27,7,3,2016,California,South District California,PHILADELPHIA,2650,"CITRUS,AVOCADOS",6600,7200,6800,2.57,3
07/05/2016,27,7,3,2016,California,South District California,SEATTLE,1300,"CITRUS,AVOCADOS",2900,3800,3400,2.62,3
07/12/2016,28,7,3,2016,California,South District California,ATLANTA,2100,"CITRUS,AVOCADOS",5400,5900,5700,2.71,3
07/12/2016,28,7,3,2016,California,South District California,BALTIMORE,2600,"CITRUS,AVOCADOS",6400,6800,6600,2.54,3
07/12/2016,28,7,3,2016,California,South District California,BOSTON,2900,"CITRUS,AVOCADOS",6800,7400,7050,2.43,3
07/12/2016,28,7,3,2016,California,South District California,CHICAGO,2030,"CITRUS,AVOCADOS",4500,5100,4850,2.39,3
07/12/2016,28,7,3,2016,California,South District California,DALLAS,1300,"CITRUS,AVOCADOS",3900,4300,4000,3.08,3
07/12/2016,28,7,3,2016,California,South District California,MIAMI,2600,"CITRUS,AVOCADOS",6700,7300,6850,2.63,3
07/12/2016,28,7,3,2016,California,South District California,NEW YORK,2700,"CITRUS,AVOCADOS",6600,7200,6750,2.50,3
07/12/2016,28,7,3,2016,California,South District California,PHILADELPHIA,2650,"CITRUS,AVOCADOS",6400,7000,6550,2.47,3
07/12/2016,28,7,3,2016,California,South District California,SEATTLE,1300,"CITRUS,AVOCADOS",2900,3500,3100,2.38,3
07/19/2016,29,7,3,2016,California,South District California,MIAMI,2600,"CITRUS,AVOCADOS",6800,7400,6850,2.63,3
07/19/2016,29,7,3,2016,California,South District California,ATLANTA,2100,"CITRUS,AVOCADOS",5500,5700,5600,2.67,3
07/19/2016,29,7,3,2016,California,South District California,BOSTON,2900,"CITRUS,AVOCADOS",6500,7200,6950,2.40,3
07/19/2016,29,7,3,2016,California,South District California,CHICAGO,2030,"CITRUS,AVOCADOS",4800,5000,4800,2.36,3
07/19/2016,29,7,3,2016,California,South District California,DALLAS,1300,"CITRUS,AVOCADOS",3800,4200,4000,3.08,3
07/19/2016,29,7,3,2016,California,South District California,NEW YORK,2700,"CITRUS,AVOCADOS",6300,6700,6600,2.44,3
07/19/2016,29,7,3,2016,California,South District California,PHILADELPHIA,2650,"CITRUS,AVOCADOS",6100,6700,6250,2.36,3
07/26/2016,30,7,3,2016,California,South District California,ATLANTA,2100,"CITRUS,AVOCADOS",5400,5500,5400,2.57,1
07/26/2016,30,7,3,2016,California,South District California,BOSTON,2900,"CITRUS,AVOCADOS",6200,7000,6500,2.24,1
07/26/2016,30,7,3,2016,California,South District California,CHICAGO,2030,"CITRUS,AVOCADOS",4400,4600,4500,2.22,1
07/26/2016,30,7,3,2016,California,South District California,DALLAS,1300,"CITRUS,AVOCADOS",3800,4200,3900,3.00,1
07/26/2016,30,7,3,2016,California,South District California,MIAMI,2600,"CITRUS,AVOCADOS",6600,7000,6700,2.58,1
07/26/2016,30,7,3,2016,California,South District California,NEW YORK,2700,"CITRUS,AVOCADOS",6000,6500,6150,2.28,1
07/26/2016,30,7,3,2016,California,South District California,PHILADELPHIA,2650,"CITRUS,AVOCADOS",5800,6175,5900,2.23,1
08/02/2016,31,7,3,2016,California,South District California,ATLANTA,2100,"CITRUS,AVOCADOS",5300,5500,5400,2.57,3
08/02/2016,31,7,3,2016,California,South District California,BOSTON,2900,"CITRUS,AVOCADOS",6200,7000,6500,2.24,3
08/02/2016,31,7,3,2016,California,South District California,CHICAGO,2030,"CITRUS,AVOCADOS",4400,4600,4450,2.19,3
08/02/2016,31,7,3,2016,California,South District California,DALLAS,1300,"CITRUS,AVOCADOS",3800,4000,4000,3.08,3
08/02/2016,31,7,3,2016,California,South District California,MIAMI,2600,"CITRUS,AVOCADOS",6600,6800,6650,2.56,3
08/02/2016,31,7,3,2016,California,South District California,NEW YORK,2700,"CITRUS,AVOCADOS",6200,6400,6200,2.30,3
08/02/2016,31,7,3,2016,California,South District California,PHILADELPHIA,2650,"CITRUS,AVOCADOS",5900,6100,6000,2.26,3
08/16/2016,33,8,3,2016,California,South District California,ATLANTA,2100,"CITRUS,AVOCADOS",5000,5400,5200,2.48,1
08/16/2016,33,8,3,2016,California,South District California,BOSTON,2900,"CITRUS,AVOCADOS",6000,7000,6350,2.19,1
08/16/2016,33,8,3,2016,California,South District California,CHICAGO,2030,"CITRUS,AVOCADOS",4300,4500,4400,2.17,1
08/16/2016,33,8,3,2016,California,South District California,DALLAS,1300,"CITRUS,AVOCADOS",3800,4000,4000,3.08,1
08/16/2016,33,8,3,2016,California,South District California,MIAMI,2600,"CITRUS,AVOCADOS",6400,6700,6500,2.50,1
08/16/2016,33,8,3,2016,California,South District California,NEW YORK,2700,"CITRUS,AVOCADOS",5700,6400,5950,2.20,1
08/16/2016,33,8,3,2016,California,South District California,PHILADELPHIA,2650,"CITRUS,AVOCADOS",5500,6100,5700,2.15,1
08/23/2016,34,8,3,2016,California,South District California,ATLANTA,2100,"CITRUS,AVOCADOS",5000,5400,5100,2.43,1
08/23/2016,34,8,3,2016,California,South District California,BOSTON,2900,"CITRUS,AVOCADOS",6000,6900,6350,2.19,1
08/23/2016,34,8,3,2016,California,South District California,CHICAGO,2030,"CITRUS,AVOCADOS",4200,4500,4350,2.14,1
08/23/2016,34,8,3,2016,California,South District California,DALLAS,1300,"CITRUS,AVOCADOS",3800,4000,4000,3.08,1
08/23/2016,34,8,3,2016,California,South District California,MIAMI,2600,"CITRUS,AVOCADOS",6400,6700,6500,2.50,1
08/23/2016,34,8,3,2016,California,South District California,NEW YORK,2700,"CITRUS,AVOCADOS",5700,6400,5900,2.19,1
08/23/2016,34,8,3,2016,California,South District California,PHILADELPHIA,2650,"CITRUS,AVOCADOS",5400,6100,5650,2.13,1
08/30/2016,35,8,3,2016,California,South District California,ATLANTA,2100,"CITRUS,AVOCADOS",5000,5200,5150,2.45,3
08/30/2016,35,8,3,2016,California,South District California,BOSTON,2900,"CITRUS,AVOCADOS",6100,7100,6350,2.19,3
08/30/2016,35,8,3,2016,California,South District California,CHICAGO,2030,"CITRUS,AVOCADOS",4200,4300,4200,2.07,3
08/30/2016,35,8,3,2016,California,South District California,DALLAS,1300,"CITRUS,AVOCADOS",3800,4000,3900,3.00,3
08/30/2016,35,8,3,2016,California,South District California,MIAMI,2600,"CITRUS,AVOCADOS",6400,6900,6550,2.52,3
08/30/2016,35,8,3,2016,California,South District California,NEW YORK,2700,"CITRUS,AVOCADOS",5800,6500,5950,2.20,3
08/30/2016,35,8,3,2016,California,South District California,PHILADELPHIA,2650,"CITRUS,AVOCADOS",5600,6300,5750,2.17,3
09/06/2016,36,9,3,2016,California,South District California,ATLANTA,2100,"CITRUS,AVOCADOS",5000,5200,5150,2.45,3
09/06/2016,36,9,3,2016,California,South District California,BOSTON,2900,"CITRUS,AVOCADOS",6200,7200,6450,2.22,3
09/06/2016,36,9,3,2016,California,South District California,CHICAGO,2030,"CITRUS,AVOCADOS",4200,4300,4200,2.07,3
09/06/2016,36,9,3,2016,California,South District California,DALLAS,1300,"CITRUS,AVOCADOS",3800,4000,3900,3.00,3
09/06/2016,36,9,3,2016,California,South District California,MIAMI,2600,"CITRUS,AVOCADOS",6400,6900,6550,2.52,3
09/06/2016,36,9,3,2016,California,South District California,NEW YORK,2700,"CITRUS,AVOCADOS",5900,6500,6000,2.22,3
09/06/2016,36,9,3,2016,California,South District California,PHILADELPHIA,2650,"CITRUS,AVOCADOS",5600,6300,5850,2.21,3
09/13/2016,37,9,3,2016,California,South District California,ATLANTA,2100,"CITRUS,AVOCADOS",5000,5200,5150,2.45,3
09/13/2016,37,9,3,2016,California,South District California,BOSTON,2900,"CITRUS,AVOCADOS",6200,7200,6450,2.22,3
09/13/2016,37,9,3,2016,California,South District California,CHICAGO,2030,"CITRUS,AVOCADOS",4200,4300,4200,2.07,3
09/13/2016,37,9,3,2016,California,South District California,DALLAS,1300,"CITRUS,AVOCADOS",3800,4000,3900,3.00,3
09/13/2016,37,9,3,2016,California,South District California,MIAMI,2600,"CITRUS,AVOCADOS",6400,6900,6550,2.52,3
09/13/2016,37,9,3,2016,California,South District California,NEW YORK,2700,"CITRUS,AVOCADOS",5900,6500,6000,2.22,3
09/13/2016,37,9,3,2016,California,South District California,PHILADELPHIA,2650,"CITRUS,AVOCADOS",5600,6300,5850,2.21,3
09/20/2016,38,9,3,2016,California,South District California,ATLANTA,2100,"CITRUS,AVOCADOS",5000,5200,5150,2.45,3
09/20/2016,38,9,3,2016,California,South District California,BOSTON,2900,"CITRUS,AVOCADOS",6200,7200,6450,2.22,3
09/20/2016,38,9,3,2016,California,South District California,CHICAGO,2030,"CITRUS,AVOCADOS",4200,4300,4200,2.07,3
09/20/2016,38,9,3,2016,California,South District California,DALLAS,1300,"CITRUS,AVOCADOS",3800,4000,3900,3.00,3
09/20/2016,38,9,3,2016,California,South District California,MIAMI,2600,"CITRUS,AVOCADOS",6400,6900,6550,2.52,3
09/20/2016,38,9,3,2016,California,South District California,NEW YORK,2700,"CITRUS,AVOCADOS",5900,6500,6000,2.22,3
09/20/2016,38,9,3,2016,California,South District California,PHILADELPHIA,2650,"CITRUS,AVOCADOS",5600,6300,5850,2.21,3
09/27/2016,39,9,3,2016,California,South District California,ATLANTA,2100,"CITRUS,AVOCADOS",5000,5200,5150,2.45,3
09/27/2016,39,9,3,2016,California,South District California,BOSTON,2900,"CITRUS,AVOCADOS",6400,7200,6500,2.24,3
09/27/2016,39,9,3,2016,California,South District California,CHICAGO,2030,"CITRUS,AVOCADOS",4200,4300,4200,2.07,3
09/27/2016,39,9,3,2016,California,South District California,DALLAS,1300,"CITRUS,AVOCADOS",3800,4000,3900,3.00,3
09/27/2016,39,9,3,2016,California,South District California,MIAMI,2600,"CITRUS,AVOCADOS",6400,6900,6550,2.52,3
09/27/2016,39,9,3,2016,California,South District California,NEW YORK,2700,"CITRUS,AVOCADOS",6000,6600,6100,2.26,3
09/27/2016,39,9,3,2016,California,South District California,PHILADELPHIA,2650,"CITRUS,AVOCADOS",5600,6300,5900,2.23,3
10/04/2016,40,10,4,2016,California,South District California,ATLANTA,2100,"CITRUS,AVOCADOS",5000,5200,5150,2.45,3
10/04/2016,40,10,4,2016,California,South District California,BOSTON,2900,"CITRUS,AVOCADOS",6400,7200,6500,2.24,3
10/04/2016,40,10,4,2016,California,South District California,CHICAGO,2030,"CITRUS,AVOCADOS",4200,4300,4200,2.07,3
10/04/2016,40,10,4,2016,California,South District California,DALLAS,1300,"CITRUS,AVOCADOS",3800,4000,3900,3.00,3
10/04/2016,40,10,4,2016,California,South District California,MIAMI,2600,"CITRUS,AVOCADOS",6400,6900,6550,2.52,3
10/04/2016,40,10,4,2016,California,South District California,NEW YORK,2700,"CITRUS,AVOCADOS",6000,6600,6100,2.26,3
10/04/2016,40,10,4,2016,California,South District California,PHILADELPHIA,2650,"CITRUS,AVOCADOS",5600,6300,5900,2.23,3
10/11/2016,41,10,4,2016,California,South District California,ATLANTA,2100,"CITRUS,AVOCADOS",5000,5200,5150,2.45,3
10/11/2016,41,10,4,2016,California,South District California,BOSTON,2900,"CITRUS,AVOCADOS",6400,7200,6500,2.24,3
10/11/2016,41,10,4,2016,California,South District California,CHICAGO,2030,"CITRUS,AVOCADOS",4200,4300,4200,2.07,3
10/11/2016,41,10,4,2016,California,South District California,DALLAS,1300,"CITRUS,AVOCADOS",3800,4000,3900,3.00,3
10/11/2016,41,10,4,2016,California,South District California,MIAMI,2600,"CITRUS,AVOCADOS",6400,6900,6550,2.52,3
10/11/2016,41,10,4,2016,California,South District California,NEW YORK,2700,"CITRUS,AVOCADOS",6000,6600,6100,2.26,3
10/11/2016,41,10,4,2016,California,South District California,PHILADELPHIA,2650,"CITRUS,AVOCADOS",5600,6300,5900,2.23,3
10/18/2016,42,10,4,2016,California,South District California,ATLANTA,2100,"CITRUS,AVOCADOS",5000,5200,5000,2.38,3
10/18/2016,42,10,4,2016,California,South District California,BOSTON,2900,"CITRUS,AVOCADOS",5700,6400,6150,2.12,3
10/18/2016,42,10,4,2016,California,South District California,CHICAGO,2030,"CITRUS,AVOCADOS",4100,4300,4100,2.02,3
10/18/2016,42,10,4,2016,California,South District California,DALLAS,1300,"CITRUS,AVOCADOS",3700,3900,3800,2.92,3
10/18/2016,42,10,4,2016,California,South District California,MIAMI,2600,"CITRUS,AVOCADOS",6300,6700,6400,2.46,3
10/18/2016,42,10,4,2016,California,South District California,NEW YORK,2700,"CITRUS,AVOCADOS",5500,5900,5700,2.11,3
10/18/2016,42,10,4,2016,California,South District California,PHILADELPHIA,2650,"CITRUS,AVOCADOS",5300,6000,5500,2.08,3
02/21/2017,7,2,1,2017,California,South District California,ATLANTA,2100,"CITRUS, AVOCADOS",4600,5100,4900,2.33,3
02/21/2017,7,2,1,2017,California,South District California,BOSTON,2900,"CITRUS, AVOCADOS",5300,6000,5550,1.91,3
02/21/2017,7,2,1,2017,California,South District California,CHICAGO,2030,"CITRUS, AVOCADOS",3600,4300,3850,1.90,3
02/21/2017,7,2,1,2017,California,South District California,DALLAS,1300,"CITRUS, AVOCADOS",3300,3700,3500,2.69,3
02/21/2017,7,2,1,2017,California,South District California,MIAMI,2600,"CITRUS, AVOCADOS",5800,6500,5950,2.29,3
02/21/2017,7,2,1,2017,California,South District California,NEW YORK,2700,"CITRUS, AVOCADOS",5000,5700,5350,1.98,3
02/21/2017,7,2,1,2017,California,South District California,PHILADELPHIA,2650,"CITRUS, AVOCADOS",4800,5700,5250,1.98,3
02/28/2017,8,2,1,2017,California,South District California,ATLANTA,2100,"CITRUS, AVOCADOS",4500,5100,4750,2.26,3
02/28/2017,8,2,1,2017,California,South District California,BOSTON,2900,"CITRUS, AVOCADOS",5200,6000,5550,1.91,3
02/28/2017,8,2,1,2017,California,South District California,CHICAGO,2030,"CITRUS, AVOCADOS",3500,4300,3850,1.90,3
02/28/2017,8,2,1,2017,California,South District California,DALLAS,1300,"CITRUS, AVOCADOS",3300,3700,3500,2.69,3
02/28/2017,8,2,1,2017,California,South District California,MIAMI,2600,"CITRUS, AVOCADOS",5700,6500,5950,2.29,3
02/28/2017,8,2,1,2017,California,South District California,NEW YORK,2700,"CITRUS, AVOCADOS",5000,5700,5350,1.98,3
02/28/2017,8,2,1,2017,California,South District California,PHILADELPHIA,2650,"CITRUS, AVOCADOS",4800,5700,5250,1.98,3
03/07/2017,9,3,1,2017,California,South District California,ATLANTA,2100,"CITRUS, AVOCADOS",4500,5000,4750,2.26,3
03/07/2017,9,3,1,2017,California,South District California,BOSTON,2900,"CITRUS, AVOCADOS",5300,6300,5750,1.98,3
03/07/2017,9,3,1,2017,California,South District California,CHICAGO,2030,"CITRUS, AVOCADOS",3500,4300,3850,1.90,3
03/07/2017,9,3,1,2017,California,South District California,DALLAS,1300,"CITRUS, AVOCADOS",3300,3800,3500,2.69,3
03/07/2017,9,3,1,2017,California,South District California,MIAMI,2600,"CITRUS, AVOCADOS",5700,6500,5950,2.29,3
03/07/2017,9,3,1,2017,California,South District California,NEW YORK,2700,"CITRUS, AVOCADOS",5000,5900,5450,2.02,3
03/07/2017,9,3,1,2017,California,South District California,PHILADELPHIA,2650,"CITRUS, AVOCADOS",4800,5800,5450,2.06,3
03/14/2017,10,3,1,2017,California,South District California,ATLANTA,2100,"CITRUS, AVOCADOS",4500,5000,4750,2.26,3
03/14/2017,10,3,1,2017,California,South District California,BOSTON,2900,"CITRUS, AVOCADOS",5500,6400,5750,1.98,3
03/14/2017,10,3,1,2017,California,South District California,CHICAGO,2030,"CITRUS, AVOCADOS",3500,4400,3850,1.90,3
03/14/2017,10,3,1,2017,California,South District California,DALLAS,1300,"CITRUS, AVOCADOS",3400,4000,3550,2.73,3
03/14/2017,10,3,1,2017,California,South District California,MIAMI,2600,"CITRUS, AVOCADOS",5700,6500,5950,2.29,3
03/14/2017,10,3,1,2017,California,South District California,NEW YORK,2700,"CITRUS, AVOCADOS",5100,6000,5450,2.02,3
03/14/2017,10,3,1,2017,California,South District California,PHILADELPHIA,2650,"CITRUS, AVOCADOS",4900,5800,5350,2.02,3
03/21/2017,11,3,1,2017,California,South District California,ATLANTA,2100,"CITRUS, AVOCADOS",4500,5000,4750,2.26,3
03/21/2017,11,3,1,2017,California,South District California,BOSTON,2900,"CITRUS, AVOCADOS",5500,6400,5750,1.98,3
03/21/2017,11,3,1,2017,California,South District California,CHICAGO,2030,"CITRUS, AVOCADOS",3500,4400,3850,1.90,3
03/21/2017,11,3,1,2017,California,South District California,DALLAS,1300,"CITRUS, AVOCADOS",3400,4000,3550,2.73,3
03/21/2017,11,3,1,2017,California,South District California,MIAMI,2600,"CITRUS, AVOCADOS",5700,6500,5950,2.29,3
03/21/2017,11,3,1,2017,California,South District California,NEW YORK,2700,"CITRUS, AVOCADOS",5100,6000,5450,2.02,3
03/21/2017,11,3,1,2017,California,South District California,PHILADELPHIA,2650,"CITRUS, AVOCADOS",4900,5800,5350,2.02,3
03/28/2017,12,3,1,2017,California,South District California,ATLANTA,2100,"CITRUS, AVOCADOS",4500,5000,4750,2.26,3
03/28/2017,12,3,1,2017,California,South District California,BOSTON,2900,"CITRUS, AVOCADOS",5700,6400,5850,2.02,3
03/28/2017,12,3,1,2017,California,South District California,CHICAGO,2030,"CITRUS, AVOCADOS",3600,4500,3950,1.95,3
03/28/2017,12,3,1,2017,California,South District California,DALLAS,1300,"CITRUS, AVOCADOS",3500,4100,3650,2.81,3
03/28/2017,12,3,1,2017,California,South District California,MIAMI,2600,"CITRUS, AVOCADOS",5800,6500,6050,2.33,3
03/28/2017,12,3,1,2017,California,South District California,NEW YORK,2700,"CITRUS, AVOCADOS",5400,6200,5600,2.07,3
03/28/2017,12,3,1,2017,California,South District California,PHILADELPHIA,2650,"CITRUS, AVOCADOS",5200,6000,5450,2.06,3
04/04/2017,13,4,2,2017,California,South District California,ATLANTA,2100,"CITRUS, AVOCADOS",4500,5000,4800,2.29,3
04/04/2017,13,4,2,2017,California,South District California,BOSTON,2900,"CITRUS, AVOCADOS",5800,6400,5950,2.05,3
04/04/2017,13,4,2,2017,California,South District California,CHICAGO,2030,"CITRUS, AVOCADOS",3700,4500,3950,1.95,3
04/04/2017,13,4,2,2017,California,South District California,DALLAS,1300,"CITRUS, AVOCADOS",3500,4100,3650,2.81,3
04/04/2017,13,4,2,2017,California,South District California,MIAMI,2600,"CITRUS, AVOCADOS",5800,6500,6050,2.33,3
04/04/2017,13,4,2,2017,California,South District California,NEW YORK,2700,"CITRUS, AVOCADOS",5700,6400,5800,2.15,3
04/04/2017,13,4,2,2017,California,South District California,PHILADELPHIA,2650,"CITRUS, AVOCADOS",5200,6100,5550,2.09,3
04/11/2017,14,4,2,2017,California,South District California,ATLANTA,2100,"CITRUS, AVOCADOS",4500,5000,4900,2.33,3
04/11/2017,14,4,2,2017,California,South District California,BOSTON,2900,"CITRUS, AVOCADOS",5900,6400,6150,2.12,3
04/11/2017,14,4,2,2017,California,South District California,CHICAGO,2030,"CITRUS, AVOCADOS",3700,4500,4050,2.00,3
04/11/2017,14,4,2,2017,California,South District California,DALLAS,1300,"CITRUS, AVOCADOS",3500,4100,3650,2.81,3
04/11/2017,14,4,2,2017,California,South District California,MIAMI,2600,"CITRUS, AVOCADOS",5800,6500,6050,2.33,3
04/11/2017,14,4,2,2017,California,South District California,NEW YORK,2700,"CITRUS, AVOCADOS",5800,6400,6050,2.24,3
04/11/2017,14,4,2,2017,California,South District California,PHILADELPHIA,2650,"CITRUS, AVOCADOS",5400,6200,5850,2.21,3
04/18/2017,15,4,2,2017,California,South District California,ATLANTA,2100,"CITRUS, AVOCADOS",4800,5400,5250,2.50,3
04/18/2017,15,4,2,2017,California,South District California,BOSTON,2900,"CITRUS, AVOCADOS",6300,7100,6650,2.29,3
04/18/2017,15,4,2,2017,California,South District California,CHICAGO,2030,"CITRUS, AVOCADOS",4000,4800,4350,2.14,3
04/18/2017,15,4,2,2017,California,South District California,DALLAS,1300,"CITRUS, AVOCADOS",3800,4400,3950,3.04,3
04/18/2017,15,4,2,2017,California,South District California,MIAMI,2600,"CITRUS, AVOCADOS",6000,6800,6350,2.44,3
04/18/2017,15,4,2,2017,California,South District California,NEW YORK,2700,"CITRUS, AVOCADOS",6000,6800,6250,2.31,3
04/18/2017,15,4,2,2017,California,South District California,PHILADELPHIA,2650,"CITRUS, AVOCADOS",5700,6600,6050,2.28,3
04/25/2017,16,4,2,2017,California,South District California,ATLANTA,2100,"CITRUS, AVOCADOS",4800,5300,5150,2.45,3
04/25/2017,16,4,2,2017,California,South District California,BOSTON,2900,"CITRUS, AVOCADOS",6200,7000,6500,2.24,3
04/25/2017,16,4,2,2017,California,South District California,CHICAGO,2030,"CITRUS, AVOCADOS",3900,4600,4150,2.04,3
04/25/2017,16,4,2,2017,California,South District California,DALLAS,1300,"CITRUS, AVOCADOS",3700,4200,3850,2.96,3
04/25/2017,16,4,2,2017,California,South District California,MIAMI,2600,"CITRUS, AVOCADOS",6000,6600,6450,2.48,3
04/25/2017,16,4,2,2017,California,South District California,NEW YORK,2700,"CITRUS, AVOCADOS",6000,6700,6250,2.31,3
04/25/2017,16,4,2,2017,California,South District California,PHILADELPHIA,2650,"CITRUS, AVOCADOS",5600,6300,5950,2.25,3
05/02/2017,17,4,2,2017,California,South District California,ATLANTA,2100,"CITRUS, AVOCADOS",5000,5500,5400,2.57,3
05/02/2017,17,4,2,2017,California,South District California,BOSTON,2900,"CITRUS, AVOCADOS",6400,7100,6650,2.29,3
05/02/2017,17,4,2,2017,California,South District California,CHICAGO,2030,"CITRUS, AVOCADOS",4000,4700,4300,2.12,3
05/02/2017,17,4,2,2017,California,South District California,DALLAS,1300,"CITRUS, AVOCADOS",3700,4200,3850,2.96,3
05/02/2017,17,4,2,2017,California,South District California,MIAMI,2600,"CITRUS, AVOCADOS",6000,6600,6450,2.48,3
05/02/2017,17,4,2,2017,California,South District California,NEW YORK,2700,"CITRUS, AVOCADOS",6000,6700,6350,2.35,3
05/02/2017,17,4,2,2017,California,South District California,PHILADELPHIA,2650,"CITRUS, AVOCADOS",5800,6500,6200,2.34,3
05/09/2017,18,5,2,2017,California,South District California,ATLANTA,2100,"CITRUS, AVOCADOS",4900,5600,5400,2.57,3
05/09/2017,18,5,2,2017,California,South District California,BOSTON,2900,"CITRUS, AVOCADOS",6500,7100,6850,2.36,3
05/09/2017,18,5,2,2017,California,South District California,CHICAGO,2030,"CITRUS, AVOCADOS",4100,4800,4500,2.22,3
05/09/2017,18,5,2,2017,California,South District California,DALLAS,1300,"CITRUS, AVOCADOS",3700,4200,3900,3.00,3
05/09/2017,18,5,2,2017,California,South District California,MIAMI,2600,"CITRUS, AVOCADOS",6100,6700,6500,2.50,3
05/09/2017,18,5,2,2017,California,South District California,NEW YORK,2700,"CITRUS, AVOCADOS",6000,6700,6350,2.35,3
05/09/2017,18,5,2,2017,California,South District California,PHILADELPHIA,2650,"CITRUS, AVOCADOS",5800,6500,6200,2.34,3
05/16/2017,19,5,2,2017,California,South District California,ATLANTA,2100,"CITRUS, AVOCADOS",5000,5400,5200,2.48,3
05/16/2017,19,5,2,2017,California,South District California,BOSTON,2900,"CITRUS, AVOCADOS",6500,6900,6650,2.29,3
05/16/2017,19,5,2,2017,California,South District California,CHICAGO,2030,"CITRUS, AVOCADOS",4300,5000,4650,2.29,3
05/16/2017,19,5,2,2017,California,South District California,DALLAS,1300,"CITRUS, AVOCADOS",3700,4100,3900,3.00,3
05/16/2017,19,5,2,2017,California,South District California,MIAMI,2600,"CITRUS, AVOCADOS",6300,6700,6550,2.52,3
05/16/2017,19,5,2,2017,California,South District California,NEW YORK,2700,"CITRUS, AVOCADOS",6200,7000,6450,2.39,3
05/16/2017,19,5,2,2017,California,South District California,PHILADELPHIA,2650,"CITRUS, AVOCADOS",5800,6500,6200,2.34,3
05/23/2017,20,5,2,2017,California,South District California,ATLANTA,2100,"CITRUS, AVOCADOS",5500,6000,5850,2.79,5
05/23/2017,20,5,2,2017,California,South District California,BOSTON,2900,"CITRUS, AVOCADOS",7000,8000,7450,2.57,5
05/23/2017,20,5,2,2017,California,South District California,CHICAGO,2030,"CITRUS, AVOCADOS",4400,5100,4750,2.34,5
05/23/2017,20,5,2,2017,California,South District California,DALLAS,1300,"CITRUS, AVOCADOS",3900,4600,4250,3.27,5
05/23/2017,20,5,2,2017,California,South District California,MIAMI,2600,"CITRUS, AVOCADOS",6700,7500,7150,2.75,5
05/23/2017,20,5,2,2017,California,South District California,NEW YORK,2700,"CITRUS, AVOCADOS",6600,7800,6950,2.57,5
05/23/2017,20,5,2,2017,California,South District California,PHILADELPHIA,2650,"CITRUS, AVOCADOS",6500,7500,6950,2.62,5
05/30/2017,21,5,2,2017,California,South District California,ATLANTA,2100,"CITRUS, AVOCADOS",5600,6100,5950,2.83,5
05/30/2017,21,5,2,2017,California,South District California,BOSTON,2900,"CITRUS, AVOCADOS",7300,8000,7850,2.71,5
05/30/2017,21,5,2,2017,California,South District California,CHICAGO,2030,"CITRUS, AVOCADOS",4700,5400,5050,2.49,5
05/30/2017,21,5,2,2017,California,South District California,DALLAS,1300,"CITRUS, AVOCADOS",3900,4600,4250,3.27,5
05/30/2017,21,5,2,2017,California,South District California,MIAMI,2600,"CITRUS, AVOCADOS",6700,7500,7250,2.79,5
05/30/2017,21,5,2,2017,California,South District California,NEW YORK,2700,"CITRUS, AVOCADOS",6900,7800,7250,2.69,5
05/30/2017,21,5,2,2017,California,South District California,PHILADELPHIA,2650,"CITRUS, AVOCADOS",6500,7500,7150,2.70,5
06/06/2017,22,6,2,2017,California,South District California,ATLANTA,2100,"CITRUS, AVOCADOS",5700,6200,5950,2.83,5
06/06/2017,22,6,2,2017,California,South District California,BOSTON,2900,"CITRUS, AVOCADOS",7500,8200,7950,2.74,5
06/06/2017,22,6,2,2017,California,South District California,CHICAGO,2030,"CITRUS, AVOCADOS",4800,5500,5150,2.54,5
06/06/2017,22,6,2,2017,California,South District California,DALLAS,1300,"CITRUS, AVOCADOS",3800,4500,4150,3.19,5
06/06/2017,22,6,2,2017,California,South District California,MIAMI,2600,"CITRUS, AVOCADOS",6800,7500,7250,2.79,5
06/06/2017,22,6,2,2017,California,South District California,NEW YORK,2700,"CITRUS, AVOCADOS",7200,8000,7450,2.76,5
06/06/2017,22,6,2,2017,California,South District California,PHILADELPHIA,2650,"CITRUS, AVOCADOS",6900,7800,7350,2.77,5
06/13/2017,23,6,2,2017,California,South District California,ATLANTA,2100,"CITRUS, AVOCADOS",5700,6200,5950,2.83,3
06/13/2017,23,6,2,2017,California,South District California,BOSTON,2900,"CITRUS, AVOCADOS",7400,8100,7750,2.67,3
06/13/2017,23,6,2,2017,California,South District California,CHICAGO,2030,"CITRUS, AVOCADOS",4900,5500,5300,2.61,3
06/13/2017,23,6,2,2017,California,South District California,DALLAS,1300,"CITRUS, AVOCADOS",3800,4400,4100,3.15,3
06/13/2017,23,6,2,2017,California,South District California,MIAMI,2600,"CITRUS, AVOCADOS",6900,7500,7350,2.83,3
06/13/2017,23,6,2,2017,California,South District California,NEW YORK,2700,"CITRUS, AVOCADOS",6900,7700,7450,2.76,3
06/13/2017,23,6,2,2017,California,South District California,PHILADELPHIA,2650,"CITRUS, AVOCADOS",6700,7600,7350,2.77,3
06/20/2017,24,6,2,2017,California,South District California,PHILADELPHIA,2650,"CITRUS, AVOCADOS",6700,7600,7350,2.77,3
06/20/2017,24,6,2,2017,California,South District California,ATLANTA,2100,"CITRUS, AVOCADOS",5700,6200,5950,2.83,3
06/20/2017,24,6,2,2017,California,South District California,BOSTON,2900,"CITRUS, AVOCADOS",7400,8100,7750,2.67,3
06/20/2017,24,6,2,2017,California,South District California,CHICAGO,2030,"CITRUS, AVOCADOS",4900,5500,5300,2.61,3
06/20/2017,24,6,2,2017,California,South District California,DALLAS,1300,"CITRUS, AVOCADOS",3800,4400,4100,3.15,3
06/20/2017,24,6,2,2017,California,South District California,MIAMI,2600,"CITRUS, AVOCADOS",6900,7500,7350,2.83,3
06/20/2017,24,6,2,2017,California,South District California,NEW YORK,2700,"CITRUS, AVOCADOS",6900,7700,7450,2.76,3
06/27/2017,25,6,2,2017,California,South District California,ATLANTA,2100,"CITRUS, AVOCADOS",5600,6200,5800,2.76,3
06/27/2017,25,6,2,2017,California,South District California,BOSTON,2900,"CITRUS, AVOCADOS",7400,8100,7650,2.64,3
06/27/2017,25,6,2,2017,California,South District California,CHICAGO,2030,"CITRUS, AVOCADOS",4900,5500,5300,2.61,3
06/27/2017,25,6,2,2017,California,South District California,DALLAS,1300,"CITRUS, AVOCADOS",3800,4400,4100,3.15,3
06/27/2017,25,6,2,2017,California,South District California,MIAMI,2600,"CITRUS, AVOCADOS",7000,7400,7200,2.77,3
06/27/2017,25,6,2,2017,California,South District California,NEW YORK,2700,"CITRUS, AVOCADOS",6900,7600,7300,2.70,3
06/27/2017,25,6,2,2017,California,South District California,PHILADELPHIA,2650,"CITRUS, AVOCADOS",6600,7500,7050,2.66,3
07/11/2017,27,7,3,2017,California,South District California,ATLANTA,2100,"CITRUS, AVOCADOS",5600,6200,5800,2.76,3
07/11/2017,27,7,3,2017,California,South District California,BOSTON,2900,"CITRUS, AVOCADOS",7400,8100,7650,2.64,3
07/11/2017,27,7,3,2017,California,South District California,CHICAGO,2030,"CITRUS, AVOCADOS",4900,5600,5300,2.61,3
07/11/2017,27,7,3,2017,California,South District California,DALLAS,1300,"CITRUS, AVOCADOS",3800,4400,4050,3.12,3
07/11/2017,27,7,3,2017,California,South District California,MIAMI,2600,"CITRUS, AVOCADOS",7000,7500,7200,2.77,3
07/11/2017,27,7,3,2017,California,South District California,NEW YORK,2700,"CITRUS, AVOCADOS",7000,7700,7200,2.67,3
07/11/2017,27,7,3,2017,California,South District California,PHILADELPHIA,2650,"CITRUS, AVOCADOS",6700,7500,6950,2.62,3
07/18/2017,28,7,3,2017,California,South District California,ATLANTA,2100,"CITRUS, AVOCADOS",5600,6200,5800,2.76,3
07/18/2017,28,7,3,2017,California,South District California,BOSTON,2900,"CITRUS, AVOCADOS",7400,8100,7650,2.64,3
07/18/2017,28,7,3,2017,California,South District California,CHICAGO,2030,"CITRUS, AVOCADOS",4900,5600,5300,2.61,3
07/18/2017,28,7,3,2017,California,South District California,DALLAS,1300,"CITRUS, AVOCADOS",3800,4400,4050,3.12,3
07/18/2017,28,7,3,2017,California,South District California,MIAMI,2600,"CITRUS, AVOCADOS",7000,7500,7200,2.77,3
07/18/2017,28,7,3,2017,California,South District California,NEW YORK,2700,"CITRUS, AVOCADOS",7000,7700,7200,2.67,3
07/18/2017,28,7,3,2017,California,South District California,PHILADELPHIA,2650,"CITRUS, AVOCADOS",6700,7500,6950,2.62,3
07/25/2017,29,7,3,2017,California,South District California,ATLANTA,2100,"CITRUS, AVOCADOS",5100,5800,5350,2.55,3
07/25/2017,29,7,3,2017,California,South District California,BOSTON,2900,"CITRUS, AVOCADOS",6000,6700,6450,2.22,3
07/25/2017,29,7,3,2017,California,South District California,CHICAGO,2030,"CITRUS, AVOCADOS",4500,5000,4750,2.34,3
07/25/2017,29,7,3,2017,California,South District California,DALLAS,1300,"CITRUS, AVOCADOS",3700,4100,3950,3.04,3
07/25/2017,29,7,3,2017,California,South District California,MIAMI,2600,"CITRUS, AVOCADOS",6500,7100,6850,2.63,3
07/25/2017,29,7,3,2017,California,South District California,NEW YORK,2700,"CITRUS, AVOCADOS",6600,7100,6800,2.52,3
07/25/2017,29,7,3,2017,California,South District California,PHILADELPHIA,2650,"CITRUS, AVOCADOS",6400,6900,6550,2.47,3
08/01/2017,30,7,3,2017,California,South District California,ATLANTA,2100,"CITRUS, AVOCADOS",5100,5700,5350,2.55,3
08/01/2017,30,7,3,2017,California,South District California,BOSTON,2900,"CITRUS, AVOCADOS",6600,7100,6850,2.36,3
08/01/2017,30,7,3,2017,California,South District California,CHICAGO,2030,"CITRUS, AVOCADOS",4500,5000,4750,2.34,3
08/01/2017,30,7,3,2017,California,South District California,DALLAS,1300,"CITRUS, AVOCADOS",3700,4100,3950,3.04,3
08/01/2017,30,7,3,2017,California,South District California,MIAMI,2600,"CITRUS, AVOCADOS",6500,7100,6850,2.63,3
08/01/2017,30,7,3,2017,California,South District California,NEW YORK,2700,"CITRUS, AVOCADOS",6500,7000,6600,2.44,3
08/01/2017,30,7,3,2017,California,South District California,PHILADELPHIA,2650,"CITRUS, AVOCADOS",6200,6800,6500,2.45,3
08/08/2017,31,8,3,2017,California,South District California,ATLANTA,2100,"CITRUS, AVOCADOS",5000,5600,5300,2.52,3
08/08/2017,31,8,3,2017,California,South District California,BOSTON,2900,"CITRUS, AVOCADOS",6700,7200,6900,2.38,3
08/08/2017,31,8,3,2017,California,South District California,CHICAGO,2030,"CITRUS, AVOCADOS",4500,5000,4700,2.32,3
08/08/2017,31,8,3,2017,California,South District California,DALLAS,1300,"CITRUS, AVOCADOS",3600,4000,3800,2.92,3
08/08/2017,31,8,3,2017,California,South District California,MIAMI,2600,"CITRUS, AVOCADOS",6400,7000,6750,2.60,3
08/08/2017,31,8,3,2017,California,South District California,NEW YORK,2700,"CITRUS, AVOCADOS",6400,6900,6600,2.44,3
08/08/2017,31,8,3,2017,California,South District California,PHILADELPHIA,2650,"CITRUS, AVOCADOS",6200,6700,6450,2.43,3
08/15/2017,32,8,3,2017,California,South District California,ATLANTA,2100,"CITRUS, AVOCADOS",5000,5500,5200,2.48,3
08/15/2017,32,8,3,2017,California,South District California,BOSTON,2900,"CITRUS, AVOCADOS",6700,7200,6900,2.38,3
08/15/2017,32,8,3,2017,California,South District California,CHICAGO,2030,"CITRUS, AVOCADOS",4500,4900,4650,2.29,3
08/15/2017,32,8,3,2017,California,South District California,DALLAS,1300,"CITRUS, AVOCADOS",3600,4000,3800,2.92,3
08/15/2017,32,8,3,2017,California,South District California,MIAMI,2600,"CITRUS, AVOCADOS",6300,6900,6650,2.56,3
08/15/2017,32,8,3,2017,California,South District California,NEW YORK,2700,"CITRUS, AVOCADOS",6400,6800,6600,2.44,3
08/15/2017,32,8,3,2017,California,South District California,PHILADELPHIA,2650,"CITRUS, AVOCADOS",6200,6600,6350,2.40,3
08/22/2017,33,8,3,2017,California,South District California,ATLANTA,2100,"CITRUS, AVOCADOS",5000,5400,5100,2.43,3
08/22/2017,33,8,3,2017,California,South District California,BOSTON,2900,"CITRUS, AVOCADOS",6500,7100,6650,2.29,3
08/22/2017,33,8,3,2017,California,South District California,CHICAGO,2030,"CITRUS, AVOCADOS",4400,4900,4550,2.24,3
08/22/2017,33,8,3,2017,California,South District California,DALLAS,1300,"CITRUS, AVOCADOS",3600,4000,3800,2.92,3
08/22/2017,33,8,3,2017,California,South District California,MIAMI,2600,"CITRUS, AVOCADOS",6300,6800,6650,2.56,3
08/22/2017,33,8,3,2017,California,South District California,NEW YORK,2700,"CITRUS, AVOCADOS",6200,6700,6400,2.37,3
08/22/2017,33,8,3,2017,California,South District California,PHILADELPHIA,2650,"CITRUS, AVOCADOS",6000,6500,6200,2.34,3
08/29/2017,34,8,3,2017,California,South District California,ATLANTA,2100,"CITRUS, AVOCADOS",5000,5400,5100,2.43,3
08/29/2017,34,8,3,2017,California,South District California,BOSTON,2900,"CITRUS, AVOCADOS",6500,7100,6650,2.29,3
08/29/2017,34,8,3,2017,California,South District California,CHICAGO,2030,"CITRUS, AVOCADOS",4400,4900,4550,2.24,3
08/29/2017,34,8,3,2017,California,South District California,DALLAS,1300,"CITRUS, AVOCADOS",3600,4000,3800,2.92,3
08/29/2017,34,8,3,2017,California,South District California,MIAMI,2600,"CITRUS, AVOCADOS",6300,6800,6650,2.56,3
08/29/2017,34,8,3,2017,California,South District California,NEW YORK,2700,"CITRUS, AVOCADOS",6200,6700,6400,2.37,3
08/29/2017,34,8,3,2017,California,South District California,PHILADELPHIA,2650,"CITRUS, AVOCADOS",6000,6500,6200,2.34,3
09/05/2017,35,9,3,2017,California,South District California,ATLANTA,2100,"CITRUS, AVOCADOS",5000,5400,5125,2.44,3
09/05/2017,35,9,3,2017,California,South District California,BOSTON,2900,"CITRUS, AVOCADOS",6700,7200,6800,2.34,3
09/05/2017,35,9,3,2017,California,South District California,CHICAGO,2030,"CITRUS, AVOCADOS",4400,4900,4550,2.24,3
09/05/2017,35,9,3,2017,California,South District California,DALLAS,1300,"CITRUS, AVOCADOS",3600,4000,3700,2.85,3
09/05/2017,35,9,3,2017,California,South District California,MIAMI,2600,"CITRUS, AVOCADOS",6300,6800,6650,2.56,3
09/05/2017,35,9,3,2017,California,South District California,NEW YORK,2700,"CITRUS, AVOCADOS",6300,6700,6575,2.44,3
09/05/2017,35,9,3,2017,California,South District California,PHILADELPHIA,2650,"CITRUS, AVOCADOS",5900,6600,6375,2.41,3
09/12/2017,36,9,3,2017,California,South District California,ATLANTA,2100,"CITRUS, AVOCADOS",5000,5400,5125,2.44,3
09/12/2017,36,9,3,2017,California,South District California,BOSTON,2900,"CITRUS, AVOCADOS",6700,7200,6850,2.36,3
09/12/2017,36,9,3,2017,California,South District California,CHICAGO,2030,"CITRUS, AVOCADOS",4400,4900,4550,2.24,3
09/12/2017,36,9,3,2017,California,South District California,DALLAS,1300,"CITRUS, AVOCADOS",3600,4000,3700,2.85,3
09/12/2017,36,9,3,2017,California,South District California,MIAMI,2600,"CITRUS, AVOCADOS",6300,6800,6650,2.56,3
09/12/2017,36,9,3,2017,California,South District California,NEW YORK,2700,"CITRUS, AVOCADOS",6300,6700,6575,2.44,3
09/12/2017,36,9,3,2017,California,South District California,PHILADELPHIA,2650,"CITRUS, AVOCADOS",5900,6600,6375,2.41,3
09/19/2017,37,9,3,2017,California,South District California,ATLANTA,2100,"CITRUS, AVOCADOS",5000,5500,5300,2.52,3
09/19/2017,37,9,3,2017,California,South District California,BOSTON,2900,"CITRUS, AVOCADOS",6800,7300,7000,2.41,3
09/19/2017,37,9,3,2017,California,South District California,CHICAGO,2030,"CITRUS, AVOCADOS",4500,5000,4700,2.32,3
09/19/2017,37,9,3,2017,California,South District California,DALLAS,1300,"CITRUS, AVOCADOS",3600,4000,3800,2.92,3
09/19/2017,37,9,3,2017,California,South District California,MIAMI,2600,"CITRUS, AVOCADOS",6400,7100,6750,2.60,3
09/19/2017,37,9,3,2017,California,South District California,NEW YORK,2700,"CITRUS, AVOCADOS",6500,7100,6750,2.50,3
09/19/2017,37,9,3,2017,California,South District California,PHILADELPHIA,2650,"CITRUS, AVOCADOS",6000,6800,6450,2.43,3
09/26/2017,38,9,3,2017,California,South District California,ATLANTA,2100,"CITRUS, AVOCADOS",5000,5500,5300,2.52,3
09/26/2017,38,9,3,2017,California,South District California,BOSTON,2900,"CITRUS, AVOCADOS",6800,7300,7100,2.45,3
09/26/2017,38,9,3,2017,California,South District California,CHICAGO,2030,"CITRUS, AVOCADOS",4500,5000,4700,2.32,3
09/26/2017,38,9,3,2017,California,South District California,DALLAS,1300,"CITRUS, AVOCADOS",3600,4000,3800,2.92,3
09/26/2017,38,9,3,2017,California,South District California,MIAMI,2600,"CITRUS, AVOCADOS",6500,7200,6850,2.63,3
09/26/2017,38,9,3,2017,California,South District California,NEW YORK,2700,"CITRUS, AVOCADOS",6500,7100,6700,2.48,3
09/26/2017,38,9,3,2017,California,South District California,PHILADELPHIA,2650,"CITRUS, AVOCADOS",6000,6700,6450,2.43,3
10/03/2017,39,9,3,2017,California,South District California,ATLANTA,2100,"CITRUS, AVOCADOS",5000,5500,5300,2.52,4
10/03/2017,39,9,3,2017,California,South District California,BOSTON,2900,"CITRUS, AVOCADOS",6800,7300,7100,2.45,4
10/03/2017,39,9,3,2017,California,South District California,CHICAGO,2030,"CITRUS, AVOCADOS",4500,5000,4700,2.32,4
10/03/2017,39,9,3,2017,California,South District California,DALLAS,1300,"CITRUS, AVOCADOS",3500,4000,3750,2.88,4
10/03/2017,39,9,3,2017,California,South District California,MIAMI,2600,"CITRUS, AVOCADOS",6500,7200,6850,2.63,4
10/03/2017,39,9,3,2017,California,South District California,NEW YORK,2700,"CITRUS, AVOCADOS",6500,7100,6700,2.48,4
10/03/2017,39,9,3,2017,California,South District California,PHILADELPHIA,2650,"CITRUS, AVOCADOS",6200,6900,6550,2.47,4
10/10/2017,40,10,4,2017,California,South District California,ATLANTA,2100,"CITRUS, AVOCADOS",5200,5700,5500,2.62,3
10/10/2017,40,10,4,2017,California,South District California,BOSTON,2900,"CITRUS, AVOCADOS",6900,7600,7150,2.47,3
10/10/2017,40,10,4,2017,California,South District California,CHICAGO,2030,"CITRUS, AVOCADOS",4700,5300,4900,2.41,3
10/10/2017,40,10,4,2017,California,South District California,DALLAS,1300,"CITRUS, AVOCADOS",3600,4200,3900,3.00,3
10/10/2017,40,10,4,2017,California,South District California,MIAMI,2600,"CITRUS, AVOCADOS",6800,7400,7100,2.73,3
10/10/2017,40,10,4,2017,California,South District California,NEW YORK,2700,"CITRUS, AVOCADOS",6700,7300,6900,2.56,3
10/10/2017,40,10,4,2017,California,South District California,PHILADELPHIA,2650,"CITRUS, AVOCADOS",6300,7000,6700,2.53,3
10/17/2017,41,10,4,2017,California,South District California,ATLANTA,2100,"CITRUS, AVOCADOS",5300,5750,5500,2.62,3
10/17/2017,41,10,4,2017,California,South District California,BOSTON,2900,"CITRUS, AVOCADOS",6700,7500,7000,2.41,3
10/17/2017,41,10,4,2017,California,South District California,CHICAGO,2030,"CITRUS, AVOCADOS",4600,5400,4850,2.39,3
10/17/2017,41,10,4,2017,California,South District California,DALLAS,1300,"CITRUS, AVOCADOS",3500,4100,3800,2.92,3
10/17/2017,41,10,4,2017,California,South District California,MIAMI,2600,"CITRUS, AVOCADOS",6800,7400,7100,2.73,3
10/17/2017,41,10,4,2017,California,South District California,NEW YORK,2700,"CITRUS, AVOCADOS",6600,7300,6850,2.54,3
10/17/2017,41,10,4,2017,California,South District California,PHILADELPHIA,2650,"CITRUS, AVOCADOS",6300,7100,6650,2.51,3
10/17/2017,41,10,4,2017,California,South District California,SEATTLE,1300,"CITRUS, AVOCADOS",2800,3400,3000,2.31,3
10/24/2017,42,10,4,2017,California,South District California,ATLANTA,2100,"CITRUS, AVOCADOS",5300,5750,5400,2.57,3
10/24/2017,42,10,4,2017,California,South District California,BOSTON,2900,"CITRUS, AVOCADOS",6600,7500,7000,2.41,3
10/24/2017,42,10,4,2017,California,South District California,CHICAGO,2030,"CITRUS, AVOCADOS",4500,5200,4750,2.34,3
10/24/2017,42,10,4,2017,California,South District California,DALLAS,1300,"CITRUS, AVOCADOS",3500,4000,3700,2.85,3
10/24/2017,42,10,4,2017,California,South District California,MIAMI,2600,"CITRUS, AVOCADOS",6700,7200,7050,2.71,3
10/24/2017,42,10,4,2017,California,South District California,NEW YORK,2700,"CITRUS, AVOCADOS",6400,7200,6750,2.50,3
10/24/2017,42,10,4,2017,California,South District California,PHILADELPHIA,2650,"CITRUS, AVOCADOS",6200,6900,6650,2.51,3
10/24/2017,42,10,4,2017,California,South District California,SEATTLE,1300,"CITRUS, AVOCADOS",2800,3400,3000,2.31,3
10/31/2017,43,10,4,2017,California,South District California,ATLANTA,2100,"CITRUS, AVOCADOS",5300,5750,5400,2.57,3
10/31/2017,43,10,4,2017,California,South District California,BOSTON,2900,"CITRUS, AVOCADOS",7000,8000,7350,2.53,3
10/31/2017,43,10,4,2017,California,South District California,CHICAGO,2030,"CITRUS, AVOCADOS",4500,5000,4750,2.34,3
10/31/2017,43,10,4,2017,California,South District California,DALLAS,1300,"CITRUS, AVOCADOS",3500,4000,3700,2.85,3
10/31/2017,43,10,4,2017,California,South District California,MIAMI,2600,"CITRUS, AVOCADOS",6800,7300,7050,2.71,3
10/31/2017,43,10,4,2017,California,South District California,NEW YORK,2700,"CITRUS, AVOCADOS",6400,7200,6850,2.54,3
10/31/2017,43,10,4,2017,California,South District California,PHILADELPHIA,2650,"CITRUS, AVOCADOS",6200,6900,6700,2.53,3
10/31/2017,43,10,4,2017,California,South District California,SEATTLE,1300,"CITRUS, AVOCADOS",2800,3400,3000,2.31,3
11/07/2017,44,11,4,2017,California,South District California,ATLANTA,2100,"CITRUS, AVOCADOS",5450,5750,5550,2.64,3
11/07/2017,44,11,4,2017,California,South District California,BOSTON,2900,"CITRUS, AVOCADOS",7200,7800,7500,2.59,3
11/07/2017,44,11,4,2017,California,South District California,CHICAGO,2030,"CITRUS, AVOCADOS",4800,5350,4950,2.44,3
11/07/2017,44,11,4,2017,California,South District California,DALLAS,1300,"CITRUS, AVOCADOS",3500,4000,3725,2.87,3
11/07/2017,44,11,4,2017,California,South District California,MIAMI,2600,"CITRUS, AVOCADOS",6800,7500,7150,2.75,3
11/07/2017,44,11,4,2017,California,South District California,NEW YORK,2700,"CITRUS, AVOCADOS",6800,7400,7050,2.61,3
11/07/2017,44,11,4,2017,California,South District California,PHILADELPHIA,2650,"CITRUS, AVOCADOS",6500,7100,6750,2.55,3
11/07/2017,44,11,4,2017,California,South District California,SEATTLE,1300,"CITRUS, AVOCADOS",2750,3400,3000,2.31,3
11/14/2017,45,11,4,2017,California,South District California,ATLANTA,2100,"CITRUS, AVOCADOS",5450,5750,5550,2.64,5
11/14/2017,45,11,4,2017,California,South District California,BOSTON,2900,"CITRUS, AVOCADOS",7200,8100,7750,2.67,5
11/14/2017,45,11,4,2017,California,South District California,CHICAGO,2030,"CITRUS, AVOCADOS",4800,5500,5050,2.49,5
11/14/2017,45,11,4,2017,California,South District California,DALLAS,1300,"CITRUS, AVOCADOS",3500,4200,3850,2.96,5
11/14/2017,45,11,4,2017,California,South District California,MIAMI,2600,"CITRUS, AVOCADOS",6800,7700,7250,2.79,5
11/14/2017,45,11,4,2017,California,South District California,NEW YORK,2700,"CITRUS, AVOCADOS",6800,7600,7250,2.69,5
11/14/2017,45,11,4,2017,California,South District California,PHILADELPHIA,2650,"CITRUS, AVOCADOS",6600,7400,7100,2.68,5
11/14/2017,45,11,4,2017,California,South District California,SEATTLE,1300,"CITRUS, AVOCADOS",2750,3400,3150,2.42,5
11/21/2017,46,11,4,2017,California,South District California,ATLANTA,2100,"CITRUS, AVOCADOS",5200,5800,5550,2.64,5
11/21/2017,46,11,4,2017,California,South District California,BOSTON,2900,"CITRUS, AVOCADOS",7100,8100,7750,2.67,5
11/21/2017,46,11,4,2017,California,South District California,CHICAGO,2030,"CITRUS, AVOCADOS",4600,5500,5050,2.49,5
11/21/2017,46,11,4,2017,California,South District California,DALLAS,1300,"CITRUS, AVOCADOS",3500,4200,3850,2.96,5
11/21/2017,46,11,4,2017,California,South District California,MIAMI,2600,"CITRUS, AVOCADOS",6800,7800,7250,2.79,5
11/21/2017,46,11,4,2017,California,South District California,NEW YORK,2700,"CITRUS, AVOCADOS",6800,7600,7250,2.69,5
11/21/2017,46,11,4,2017,California,South District California,PHILADELPHIA,2650,"CITRUS, AVOCADOS",6600,7400,7100,2.68,5
11/21/2017,46,11,4,2017,California,South District California,SEATTLE,1300,"CITRUS, AVOCADOS",2750,3400,3150,2.42,5
11/28/2017,47,11,4,2017,California,South District California,ATLANTA,2100,"CITRUS, AVOCADOS",5400,6000,5750,2.74,3
11/28/2017,47,11,4,2017,California,South District California,BOSTON,2900,"CITRUS, AVOCADOS",7100,8000,7750,2.67,3
11/28/2017,47,11,4,2017,California,South District California,CHICAGO,2030,"CITRUS, AVOCADOS",4600,5400,5050,2.49,3
11/28/2017,47,11,4,2017,California,South District California,DALLAS,1300,"CITRUS, AVOCADOS",3500,4200,3850,2.96,3
11/28/2017,47,11,4,2017,California,South District California,MIAMI,2600,"CITRUS, AVOCADOS",6900,7900,7350,2.83,3
11/28/2017,47,11,4,2017,California,South District California,NEW YORK,2700,"CITRUS, AVOCADOS",6800,7600,7250,2.69,3
11/28/2017,47,11,4,2017,California,South District California,PHILADELPHIA,2650,"CITRUS, AVOCADOS",6600,7400,7100,2.68,3
11/28/2017,47,11,4,2017,California,South District California,SEATTLE,1300,"CITRUS, AVOCADOS",2750,3400,3150,2.42,3
12/05/2017,48,12,4,2017,California,South District California,ATLANTA,2100,"CITRUS, AVOCADOS",5500,6200,5850,2.79,3
12/05/2017,48,12,4,2017,California,South District California,BOSTON,2900,"CITRUS, AVOCADOS",7100,8000,7750,2.67,3
12/05/2017,48,12,4,2017,California,South District California,CHICAGO,2030,"CITRUS, AVOCADOS",4600,5400,5050,2.49,3
12/05/2017,48,12,4,2017,California,South District California,DALLAS,1300,"CITRUS, AVOCADOS",3500,4200,3850,2.96,3
12/05/2017,48,12,4,2017,California,South District California,MIAMI,2600,"CITRUS, AVOCADOS",6900,7900,7350,2.83,3
12/05/2017,48,12,4,2017,California,South District California,NEW YORK,2700,"CITRUS, AVOCADOS",6800,7600,7250,2.69,3
12/05/2017,48,12,4,2017,California,South District California,PHILADELPHIA,2650,"CITRUS, AVOCADOS",6600,7400,7100,2.68,3
12/05/2017,48,12,4,2017,California,South District California,SEATTLE,1300,"CITRUS, AVOCADOS",2750,3400,3150,2.42,3
12/12/2017,49,12,4,2017,California,South District California,ATLANTA,2100,"CITRUS, AVOCADOS",5500,6200,5850,2.79,3
12/12/2017,49,12,4,2017,California,South District California,BOSTON,2900,"CITRUS, AVOCADOS",7100,8000,7750,2.67,3
12/12/2017,49,12,4,2017,California,South District California,CHICAGO,2030,"CITRUS, AVOCADOS",4600,5400,5050,2.49,3
12/12/2017,49,12,4,2017,California,South District California,DALLAS,1300,"CITRUS, AVOCADOS",3400,4200,3850,2.96,3
12/12/2017,49,12,4,2017,California,South District California,MIAMI,2600,"CITRUS, AVOCADOS",6900,7900,7350,2.83,3
12/12/2017,49,12,4,2017,California,South District California,NEW YORK,2700,"CITRUS, AVOCADOS",6800,7600,7250,2.69,3
12/12/2017,49,12,4,2017,California,South District California,PHILADELPHIA,2650,"CITRUS, AVOCADOS",6600,7400,7100,2.68,3
12/12/2017,49,12,4,2017,California,South District California,SEATTLE,1300,"CITRUS, AVOCADOS",2750,3400,3150,2.42,3
12/19/2017,50,12,4,2017,California,South District California,ATLANTA,2100,"CITRUS, AVOCADOS",5400,6200,5850,2.79,3
12/19/2017,50,12,4,2017,California,South District California,BOSTON,2900,"CITRUS, AVOCADOS",7000,8000,7650,2.64,3
12/19/2017,50,12,4,2017,California,South District California,CHICAGO,2030,"CITRUS, AVOCADOS",4600,5400,5050,2.49,3
12/19/2017,50,12,4,2017,California,South District California,DALLAS,1300,"CITRUS, AVOCADOS",3400,4200,3850,2.96,3
12/19/2017,50,12,4,2017,California,South District California,MIAMI,2600,"CITRUS, AVOCADOS",6900,7900,7350,2.83,3
12/19/2017,50,12,4,2017,California,South District California,NEW YORK,2700,"CITRUS, AVOCADOS",6700,7600,7150,2.65,3
12/19/2017,50,12,4,2017,California,South District California,PHILADELPHIA,2650,"CITRUS, AVOCADOS",6500,7400,7050,2.66,3
12/19/2017,50,12,4,2017,California,South District California,SEATTLE,1300,"CITRUS, AVOCADOS",2750,3400,3150,2.42,3
12/26/2017,51,12,4,2017,California,South District California,ATLANTA,2100,"CITRUS, AVOCADOS",5400,6200,5850,2.79,4
12/26/2017,51,12,4,2017,California,South District California,BOSTON,2900,"CITRUS, AVOCADOS",7000,8000,7650,2.64,4
12/26/2017,51,12,4,2017,California,South District California,CHICAGO,2030,"CITRUS, AVOCADOS",4600,5400,5050,2.49,4
12/26/2017,51,12,4,2017,California,South District California,DALLAS,1300,"CITRUS, AVOCADOS",3400,4200,3850,2.96,4
12/26/2017,51,12,4,2017,California,South District California,MIAMI,2600,"CITRUS, AVOCADOS",6900,7900,7350,2.83,4
12/26/2017,51,12,4,2017,California,South District California,NEW YORK,2700,"CITRUS, AVOCADOS",6700,7600,7150,2.65,4
12/26/2017,51,12,4,2017,California,South District California,PHILADELPHIA,2650,"CITRUS, AVOCADOS",6500,7400,7050,2.66,4
12/26/2017,51,12,4,2017,California,South District California,SEATTLE,1300,"CITRUS, AVOCADOS",2750,3400,3150,2.42,4
01/02/2018,52,12,4,2017,California,South District California,ATLANTA,2100,"CITRUS, AVOCADOS",6400,7000,6600,3.14,5
01/02/2018,52,12,4,2017,California,South District California,BOSTON,2900,"CITRUS, AVOCADOS",7800,9000,8500,2.93,5
01/02/2018,52,12,4,2017,California,South District California,CHICAGO,2030,"CITRUS, AVOCADOS",5900,6200,6100,3.00,5
01/02/2018,52,12,4,2017,California,South District California,DALLAS,1300,"CITRUS, AVOCADOS",4700,5100,4800,3.69,5
01/02/2018,52,12,4,2017,California,South District California,MIAMI,2600,"CITRUS, AVOCADOS",7800,9000,8400,3.23,5
01/02/2018,52,12,4,2017,California,South District California,NEW YORK,2700,"CITRUS, AVOCADOS",7800,8600,8300,3.07,5
01/02/2018,52,12,4,2017,California,South District California,PHILADELPHIA,2650,"CITRUS, AVOCADOS",7700,9700,8300,3.13,5
01/02/2018,52,12,4,2017,California,South District California,SEATTLE,1300,"CITRUS, AVOCADOS",3600,4200,3900,3.00,5
01/09/2018,1,1,1,2018,California,South District California,ATLANTA,2100,"CITRUS, AVOCADOS",6500,7000,6750,3.21,5
01/09/2018,1,1,1,2018,California,South District California,BOSTON,2900,"CITRUS, AVOCADOS",8500,9350,8850,3.05,5
01/09/2018,1,1,1,2018,California,South District California,CHICAGO,2030,"CITRUS, AVOCADOS",5900,6400,6150,3.03,5
01/09/2018,1,1,1,2018,California,South District California,DALLAS,1300,"CITRUS, AVOCADOS",4400,5000,4700,3.62,5
01/09/2018,1,1,1,2018,California,South District California,MIAMI,2600,"CITRUS, AVOCADOS",8000,8900,8450,3.25,5
01/09/2018,1,1,1,2018,California,South District California,NEW YORK,2700,"CITRUS, AVOCADOS",8300,9000,8750,3.24,5
01/09/2018,1,1,1,2018,California,South District California,PHILADELPHIA,2650,"CITRUS, AVOCADOS",8150,9000,8650,3.26,5
01/09/2018,1,1,1,2018,California,South District California,SEATTLE,1300,"CITRUS, AVOCADOS",3400,4000,3900,3.00,5
01/16/2018,2,1,1,2018,California,South District California,ATLANTA,2100,"CITRUS, AVOCADOS",6100,7000,6600,3.14,4
01/16/2018,2,1,1,2018,California,South District California,BOSTON,2900,"CITRUS, AVOCADOS",8300,9200,8900,3.07,4
01/16/2018,2,1,1,2018,California,South District California,CHICAGO,2030,"CITRUS, AVOCADOS",5600,6400,6150,3.03,4
01/16/2018,2,1,1,2018,California,South District California,DALLAS,1300,"CITRUS, AVOCADOS",4200,5000,4700,3.62,4
01/16/2018,2,1,1,2018,California,South District California,MIAMI,2600,"CITRUS, AVOCADOS",7900,8800,8450,3.25,4
01/16/2018,2,1,1,2018,California,South District California,NEW YORK,2700,"CITRUS, AVOCADOS",8100,9100,8600,3.19,4
01/16/2018,2,1,1,2018,California,South District California,PHILADELPHIA,2650,"CITRUS, AVOCADOS",7900,8900,8400,3.17,4
01/16/2018,2,1,1,2018,California,South District California,SEATTLE,1300,"CITRUS, AVOCADOS",3400,4000,3800,2.92,4
01/23/2018,3,1,1,2018,California,South District California,ATLANTA,2100,"CITRUS, AVOCADOS",6100,6900,6600,3.14,3
01/23/2018,3,1,1,2018,California,South District California,BOSTON,2900,"CITRUS, AVOCADOS",7800,9000,8600,2.97,3
01/23/2018,3,1,1,2018,California,South District California,CHICAGO,2030,"CITRUS, AVOCADOS",5500,6200,5950,2.93,3
01/23/2018,3,1,1,2018,California,South District California,DALLAS,1300,"CITRUS, AVOCADOS",4050,5000,4550,3.50,3
01/23/2018,3,1,1,2018,California,South District California,MIAMI,2600,"CITRUS, AVOCADOS",7650,8500,8250,3.17,3
01/23/2018,3,1,1,2018,California,South District California,NEW YORK,2700,"CITRUS, AVOCADOS",7400,8500,8200,3.04,3
01/23/2018,3,1,1,2018,California,South District California,PHILADELPHIA,2650,"CITRUS, AVOCADOS",7200,8300,8000,3.02,3
01/23/2018,3,1,1,2018,California,South District California,SEATTLE,1300,"CITRUS, AVOCADOS",3300,4000,3650,2.81,3
01/30/2018,4,1,1,2018,California,South District California,ATLANTA,2100,"CITRUS, AVOCADOS",6050,6600,6350,3.02,3
01/30/2018,4,1,1,2018,California,South District California,BOSTON,2900,"CITRUS, AVOCADOS",6800,8300,8000,2.76,3
01/30/2018,4,1,1,2018,California,South District California,CHICAGO,2030,"CITRUS, AVOCADOS",5400,6000,5650,2.78,3
01/30/2018,4,1,1,2018,California,South District California,DALLAS,1300,"CITRUS, AVOCADOS",4050,4800,4450,3.42,3
01/30/2018,4,1,1,2018,California,South District California,MIAMI,2600,"CITRUS, AVOCADOS",7500,8100,7850,3.02,3
01/30/2018,4,1,1,2018,California,South District California,NEW YORK,2700,"CITRUS, AVOCADOS",6700,8200,7800,2.89,3
01/30/2018,4,1,1,2018,California,South District California,PHILADELPHIA,2650,"CITRUS, AVOCADOS",6500,8000,7600,2.87,3
01/30/2018,4,1,1,2018,California,South District California,SEATTLE,1300,"CITRUS, AVOCADOS",3100,3800,3400,2.62,3
02/06/2018,5,2,1,2018,California,South District California,ATLANTA,2100,"CITRUS, AVOCADOS",5600,6300,5850,2.79,3
02/06/2018,5,2,1,2018,California,South District California,BALTIMORE,2600,"CITRUS, AVOCADOS",5900,7300,6950,2.67,3
02/06/2018,5,2,1,2018,California,South District California,BOSTON,2900,"CITRUS, AVOCADOS",6600,8000,7600,2.62,3
02/06/2018,5,2,1,2018,California,South District California,CHICAGO,2030,"CITRUS, AVOCADOS",5000,5900,5350,2.64,3
02/06/2018,5,2,1,2018,California,South District California,DALLAS,1300,"CITRUS, AVOCADOS",3800,4600,4100,3.15,3
02/06/2018,5,2,1,2018,California,South District California,MIAMI,2600,"CITRUS, AVOCADOS",7300,7900,7550,2.90,3
02/06/2018,5,2,1,2018,California,South District California,NEW YORK,2700,"CITRUS, AVOCADOS",6200,7700,7300,2.70,3
02/06/2018,5,2,1,2018,California,South District California,PHILADELPHIA,2650,"CITRUS, AVOCADOS",6000,7500,7100,2.68,3
02/06/2018,5,2,1,2018,California,South District California,SEATTLE,1300,"CITRUS, AVOCADOS",2750,3600,3350,2.58,3
02/13/2018,6,2,1,2018,California,South District California,ATLANTA,2100,"CITRUS, AVOCADOS",5400,6100,5550,2.64,3
02/13/2018,6,2,1,2018,California,South District California,BALTIMORE,2600,"CITRUS, AVOCADOS",5800,7200,6850,2.63,3
02/13/2018,6,2,1,2018,California,South District California,BOSTON,2900,"CITRUS, AVOCADOS",6400,8100,7300,2.52,3
02/13/2018,6,2,1,2018,California,South District California,CHICAGO,2030,"CITRUS, AVOCADOS",4800,5700,5050,2.49,3
02/13/2018,6,2,1,2018,California,South District California,DALLAS,1300,"CITRUS, AVOCADOS",3800,4400,4050,3.12,3
02/13/2018,6,2,1,2018,California,South District California,MIAMI,2600,"CITRUS, AVOCADOS",7200,7700,7350,2.83,3
02/13/2018,6,2,1,2018,California,South District California,NEW YORK,2700,"CITRUS, AVOCADOS",6200,7700,7000,2.59,3
02/13/2018,6,2,1,2018,California,South District California,PHILADELPHIA,2650,"CITRUS, AVOCADOS",5900,7500,6800,2.57,3
02/13/2018,6,2,1,2018,California,South District California,SEATTLE,1300,"CITRUS, AVOCADOS",2750,3600,3350,2.58,3
02/20/2018,7,2,1,2018,California,South District California,ATLANTA,2100,"CITRUS, AVOCADOS",5000,5900,5350,2.55,3
02/20/2018,7,2,1,2018,California,South District California,BALTIMORE,2600,"CITRUS, AVOCADOS",5800,7100,6650,2.56,3
02/20/2018,7,2,1,2018,California,South District California,BOSTON,2900,"CITRUS, AVOCADOS",6400,7600,7000,2.41,3
02/20/2018,7,2,1,2018,California,South District California,CHICAGO,2030,"CITRUS, AVOCADOS",4400,5200,4650,2.29,3
02/20/2018,7,2,1,2018,California,South District California,DALLAS,1300,"CITRUS, AVOCADOS",3700,4400,4050,3.12,3
02/20/2018,7,2,1,2018,California,South District California,MIAMI,2600,"CITRUS, AVOCADOS",7000,7600,7250,2.79,3
02/20/2018,7,2,1,2018,California,South District California,NEW YORK,2700,"CITRUS, AVOCADOS",6200,7200,6700,2.48,3
02/20/2018,7,2,1,2018,California,South District California,PHILADELPHIA,2650,"CITRUS, AVOCADOS",5900,6900,6500,2.45,3
02/20/2018,7,2,1,2018,California,South District California,SEATTLE,1300,"CITRUS, AVOCADOS",2750,3600,3350,2.58,3
02/27/2018,8,2,1,2018,California,South District California,ATLANTA,2100,"CITRUS, AVOCADOS",4900,5800,5350,2.55,3
02/27/2018,8,2,1,2018,California,South District California,BALTIMORE,2600,"CITRUS, AVOCADOS",5800,6900,6550,2.52,3
02/27/2018,8,2,1,2018,California,South District California,BOSTON,2900,"CITRUS, AVOCADOS",6400,7700,7000,2.41,3
02/27/2018,8,2,1,2018,California,South District California,CHICAGO,2030,"CITRUS, AVOCADOS",4300,5200,4600,2.27,3
02/27/2018,8,2,1,2018,California,South District California,DALLAS,1300,"CITRUS, AVOCADOS",3600,4400,4000,3.08,3
02/27/2018,8,2,1,2018,California,South District California,MIAMI,2600,"CITRUS, AVOCADOS",6800,7600,7150,2.75,3
02/27/2018,8,2,1,2018,California,South District California,NEW YORK,2700,"CITRUS, AVOCADOS",6200,7200,6700,2.48,3
02/27/2018,8,2,1,2018,California,South District California,PHILADELPHIA,2650,"CITRUS, AVOCADOS",5900,6900,6500,2.45,3
02/27/2018,8,2,1,2018,California,South District California,SEATTLE,1300,"CITRUS, AVOCADOS",2750,3600,3350,2.58,3
03/06/2018,9,3,1,2018,California,South District California,ATLANTA,2100,"CITRUS, AVOCADOS",4900,5750,5200,2.48,3
03/06/2018,9,3,1,2018,California,South District California,BALTIMORE,2600,"CITRUS, AVOCADOS",5700,6800,6450,2.48,3
03/06/2018,9,3,1,2018,California,South District California,BOSTON,2900,"CITRUS, AVOCADOS",6400,7700,7000,2.41,3
03/06/2018,9,3,1,2018,California,South District California,CHICAGO,2030,"CITRUS, AVOCADOS",4300,5200,4600,2.27,3
03/06/2018,9,3,1,2018,California,South District California,DALLAS,1300,"CITRUS, AVOCADOS",3600,4500,4000,3.08,3
03/06/2018,9,3,1,2018,California,South District California,MIAMI,2600,"CITRUS, AVOCADOS",6700,7500,7050,2.71,3
03/06/2018,9,3,1,2018,California,South District California,NEW YORK,2700,"CITRUS, AVOCADOS",6200,7200,6600,2.44,3
03/06/2018,9,3,1,2018,California,South District California,PHILADELPHIA,2650,"CITRUS, AVOCADOS",5900,6900,6400,2.42,3
03/06/2018,9,3,1,2018,California,South District California,SEATTLE,1300,"CITRUS, AVOCADOS",2750,3600,3350,2.58,3
03/13/2018,10,3,1,2018,California,South District California,ATLANTA,2100,"CITRUS, AVOCADOS",4900,5650,5200,2.48,3
03/13/2018,10,3,1,2018,California,South District California,BALTIMORE,2600,"CITRUS, AVOCADOS",5800,6800,6550,2.52,3
03/13/2018,10,3,1,2018,California,South District California,BOSTON,2900,"CITRUS, AVOCADOS",6400,7650,7000,2.41,3
03/13/2018,10,3,1,2018,California,South District California,CHICAGO,2030,"CITRUS, AVOCADOS",4300,5250,4600,2.27,3
03/13/2018,10,3,1,2018,California,South District California,DALLAS,1300,"CITRUS, AVOCADOS",3550,4300,4000,3.08,3
03/13/2018,10,3,1,2018,California,South District California,MIAMI,2600,"CITRUS, AVOCADOS",6650,7200,6950,2.67,3
03/13/2018,10,3,1,2018,California,South District California,NEW YORK,2700,"CITRUS, AVOCADOS",6200,7150,6500,2.41,3
03/13/2018,10,3,1,2018,California,South District California,PHILADELPHIA,2650,"CITRUS, AVOCADOS",5900,6950,6300,2.38,3
03/13/2018,10,3,1,2018,California,South District California,SEATTLE,1300,"CITRUS, AVOCADOS",2750,3500,3350,2.58,3
03/20/2018,11,3,1,2018,California,South District California,NEW YORK,2700,"CITRUS, AVOCADOS",6400,7300,6700,2.48,3
03/20/2018,11,3,1,2018,California,South District California,ATLANTA,2100,"CITRUS, AVOCADOS",5200,5750,5350,2.55,3
03/20/2018,11,3,1,2018,California,South District California,BALTIMORE,2600,"CITRUS, AVOCADOS",6000,6950,6600,2.54,3
03/20/2018,11,3,1,2018,California,South District California,BOSTON,2900,"CITRUS, AVOCADOS",6700,7800,7100,2.45,3
03/20/2018,11,3,1,2018,California,South District California,CHICAGO,2030,"CITRUS, AVOCADOS",4400,5350,4600,2.27,3
03/20/2018,11,3,1,2018,California,South District California,DALLAS,1300,"CITRUS, AVOCADOS",3600,4300,4000,3.08,3
03/20/2018,11,3,1,2018,California,South District California,MIAMI,2600,"CITRUS, AVOCADOS",6800,7300,7000,2.69,3
03/20/2018,11,3,1,2018,California,South District California,PHILADELPHIA,2650,"CITRUS, AVOCADOS",6000,7100,6500,2.45,3
03/20/2018,11,3,1,2018,California,South District California,SEATTLE,1300,"CITRUS, AVOCADOS",2750,3500,3350,2.58,3
